sale_id,customer_id,credit_score,sale_price,add_ons,ttl,total_price,down_payment,loan_amount,loan_term_months,interest_rate,monthly_payment,total_loan_payments,Final total (all_in_cost),application_date,approval_date,loan_start_date
877,743,435,5339,1155,520,7015,555,6460,60,12,143,8569,9124,12/19/13,1/1/14,1/1/14
306,262,785,4308,246,130,4684,489,4194,60,4,77,4634,5123,12/7/13,1/2/14,1/2/14
159,136,499,35925,200,127,36252,9023,27229,60,10,580,34805,43828,12/11/13,1/3/14,1/3/14
844,715,699,2429,953,174,3555,529,3026,60,5,58,3462,3991,12/28/13,1/4/14,1/4/14
860,729,829,49012,28,116,49156,12364,36792,60,3,665,39926,52290,12/9/13,1/8/14,1/8/14
679,579,584,2626,801,164,3592,657,2935,60,7,59,3514,4171,12/29/13,1/9/14,1/9/14
776,661,573,21463,1548,211,23222,4315,18907,60,9,393,23599,27914,12/21/13,1/9/14,1/9/14
55,48,435,8059,1590,214,9863,2416,7447,60,12,166,9930,12346,12/27/13,1/11/14,1/11/14
90,76,743,6980,1411,202,8593,2009,6584,60,5,123,7398,9407,1/4/14,1/13/14,1/13/14
380,327,797,3529,8,115,3652,827,2825,60,4,52,3106,3933,1/1/14,1/14/14,1/14/14
778,662,755,30962,278,132,31372,8915,22457,60,5,419,25121,34036,12/24/13,1/18/14,1/18/14
550,467,590,3602,1115,184,4901,793,4107,60,9,85,5099,5892,12/19/13,1/18/14,1/18/14
327,281,761,29328,35,116,29479,6126,23354,60,4,434,26059,32185,12/31/13,1/22/14,1/22/14
538,457,545,24689,186,126,25001,3718,21283,60,9,447,26808,30526,1/16/14,1/22/14,1/22/14
146,124,435,3995,592,151,4738,425,4313,60,11,95,5675,6101,1/17/14,1/24/14,1/24/14
799,679,759,42000,75,119,42194,4350,37844,60,4,704,42263,46613,1/13/14,1/25/14,1/25/14
511,432,542,7111,853,168,8131,1841,6290,60,10,132,7930,9771,1/18/14,1/26/14,1/26/14
886,751,790,4011,713,159,4883,1016,3867,60,4,71,4264,5280,1/4/14,1/27/14,1/27/14
393,337,537,1816,586,151,2553,184,2369,60,10,50,2991,3175,1/10/14,1/28/14,1/28/14
737,627,435,46570,969,175,47714,7781,39933,60,11,877,52614,60395,1/1/14,1/28/14,1/28/14
929,793,766,27286,1252,193,28731,3770,24961,60,4,463,27797,31567,1/4/14,1/30/14,1/30/14
102,87,544,4552,1579,213,6344,985,5360,60,9,113,6753,7737,1/18/14,1/30/14,1/30/14
132,114,595,5475,1180,188,6843,587,6256,60,9,129,7754,8341,1/15/14,1/31/14,1/31/14
453,385,534,14009,797,164,14970,3924,11047,60,8,225,13488,17412,1/2/14,1/31/14,1/31/14
950,807,796,20217,655,155,21027,2508,18520,60,4,340,20373,22881,1/1/14,2/1/14,2/1/14
755,641,605,31641,760,162,32563,6390,26173,60,9,539,32334,38724,1/3/14,2/2/14,2/2/14
404,344,559,4759,509,146,5414,625,4789,60,9,100,6005,6630,1/4/14,2/2/14,2/2/14
115,98,818,6654,1275,194,8123,1072,7051,60,3,128,7686,8758,1/10/14,2/4/14,2/4/14
353,303,840,30086,640,154,30880,6211,24669,60,3,444,26655,32866,1/27/14,2/7/14,2/7/14
253,218,807,27613,1312,196,29121,4931,24191,60,4,442,26491,31421,1/7/14,2/7/14,2/7/14
34,28,790,4160,459,143,4762,695,4067,60,4,75,4485,5180,2/2/14,2/7/14,2/7/14
669,569,435,26025,709,159,26893,3983,22910,60,11,500,30023,34006,1/26/14,2/7/14,2/7/14
464,395,831,2597,546,148,3291,717,2574,60,3,47,2791,3508,1/10/14,2/8/14,2/8/14
654,556,698,20337,1008,177,21522,2089,19433,60,5,371,22242,24330,1/19/14,2/8/14,2/8/14
514,435,488,38974,154,124,39252,4327,34925,60,10,747,44794,49120,1/12/14,2/9/14,2/9/14
829,706,435,25706,397,139,26242,3270,22972,60,12,510,30570,33841,1/15/14,2/14/14,2/14/14
534,453,544,18324,827,166,19317,3665,15652,60,8,317,19035,22699,2/8/14,2/16/14,2/16/14
236,203,761,22709,1354,199,24262,6555,17707,60,4,329,19755,26310,1/25/14,2/17/14,2/17/14
932,792,787,5041,202,127,5370,884,4486,60,4,83,4953,5837,2/8/14,2/18/14,2/18/14
9,8,711,2527,1638,217,4382,463,3918,60,5,74,4462,4925,2/20/14,2/27/14,2/27/14
736,628,435,18774,1625,216,20615,4637,15978,60,11,349,20946,25582,1/31/14,2/27/14,2/27/14
563,478,435,1893,1148,186,3227,392,2835,60,11,62,3706,4098,2/8/14,3/1/14,3/1/14
666,566,791,24904,340,136,25380,5160,20220,60,4,372,22290,27450,2/23/14,3/4/14,3/4/14
842,714,812,38900,1097,183,40180,6562,33617,60,4,612,36743,43305,2/19/14,3/6/14,3/6/14
821,697,599,6132,866,168,7166,1056,6110,60,9,126,7563,8619,2/3/14,3/6/14,3/6/14
780,664,454,5978,1174,188,7339,755,6584,60,11,142,8535,9291,2/14/14,3/6/14,3/6/14
80,68,768,3149,1451,205,4805,386,4419,60,4,82,4916,5302,2/28/14,3/7/14,3/7/14
866,735,734,12771,400,139,13310,3301,10009,60,5,188,11289,14590,2/6/14,3/7/14,3/7/14
430,368,612,18670,1388,201,20259,5125,15134,60,9,311,18655,23780,2/27/14,3/7/14,3/7/14
880,747,454,7432,1438,204,9074,1376,7698,60,11,166,9983,11359,2/16/14,3/13/14,3/13/14
226,197,500,2909,1012,178,4099,604,3495,60,10,74,4465,5069,2/21/14,3/16/14,3/16/14
750,637,460,32103,1443,204,33750,3900,29850,60,11,644,38624,42524,3/10/14,3/19/14,3/19/14
296,254,828,29387,384,138,29909,3506,26403,60,3,478,28670,32176,3/17/14,3/23/14,3/23/14
952,808,441,4367,470,144,4980,1286,3694,60,11,80,4810,6097,2/23/14,3/25/14,3/25/14
276,238,473,20666,563,149,21378,3803,17575,60,10,378,22653,26456,3/10/14,3/26/14,3/26/14
667,567,502,15728,550,149,16427,2271,14156,60,10,301,18077,20348,2/27/14,3/27/14,3/27/14
663,562,511,48756,911,171,49838,12957,36881,60,10,783,46965,59922,3/20/14,3/29/14,3/29/14
35,30,527,2958,21,116,3094,720,2374,60,8,48,2907,3627,3/2/14,3/30/14,3/30/14
318,275,435,13772,197,127,14096,3354,10742,60,11,234,14043,17397,3/1/14,3/30/14,3/30/14
103,87,563,11779,161,124,12064,2681,9384,60,9,196,11750,14430,3/19/14,4/1/14,4/1/14
949,806,802,23773,1909,234,25916,3306,22610,60,4,414,24811,28117,3/22/14,4/3/14,4/3/14
809,687,524,3709,1390,201,5300,439,4862,60,10,103,6163,6602,3/17/14,4/3/14,4/3/14
187,162,772,21764,870,169,22803,6110,16692,60,4,309,18542,24652,3/17/14,4/4/14,4/4/14
532,451,636,11417,407,140,11964,2216,9748,60,6,191,11436,13652,4/1/14,4/6/14,4/6/14
299,257,837,1473,1153,186,2813,314,2498,60,3,45,2703,3017,3/16/14,4/7/14,4/7/14
702,599,819,14363,1931,235,16529,3348,13181,60,3,239,14363,17712,3/26/14,4/7/14,4/7/14
109,93,549,57698,815,165,58678,14886,43792,60,9,918,55084,69970,3/15/14,4/8/14,4/8/14
258,222,435,47890,1700,221,49811,11085,38725,60,12,857,51406,62491,3/22/14,4/12/14,4/12/14
854,723,802,28007,169,125,28301,6430,21871,60,4,400,24005,30434,3/25/14,4/14/14,4/14/14
370,319,766,7948,1,114,8063,2274,5789,60,4,107,6446,8720,3/24/14,4/14/14,4/14/14
248,214,618,2925,1643,217,4785,562,4224,60,8,87,5196,5757,3/18/14,4/16/14,4/16/14
581,494,435,49800,627,153,50580,10283,40298,60,11,877,52644,62927,4/5/14,4/16/14,4/16/14
506,429,567,46450,50,117,46617,10037,36581,60,9,762,45744,55781,3/25/14,4/17/14,4/17/14
558,473,435,23999,1815,228,26042,6502,19540,60,11,425,25488,31989,3/17/14,4/17/14,4/17/14
591,505,485,28070,822,166,29058,7756,21301,60,10,456,27351,35107,4/13/14,4/18/14,4/18/14
120,103,435,44520,1772,225,46517,9612,36905,60,12,814,48826,58438,3/30/14,4/18/14,4/18/14
975,829,697,35451,868,169,36488,4674,31814,60,5,607,36423,41097,3/30/14,4/20/14,4/20/14
250,216,435,22932,1768,225,24925,2336,22589,60,12,500,30009,32345,3/24/14,4/20/14,4/20/14
107,91,435,22246,269,131,22646,4917,17729,60,12,391,23465,28382,4/15/14,4/26/14,4/26/14
939,798,470,2995,1425,203,4623,845,3778,60,11,81,4873,5718,3/30/14,4/28/14,4/28/14
108,92,435,1789,1886,232,3907,235,3672,60,12,81,4873,5108,4/10/14,4/30/14,4/30/14
865,734,435,2266,1519,209,3994,608,3386,60,12,75,4488,5096,4/25/14,5/1/14,5/1/14
439,374,834,19653,1045,180,20878,2193,18684,60,3,337,20233,22427,4/2/14,5/2/14,5/2/14
141,121,729,27180,647,155,27982,3304,24678,60,5,465,27887,31191,4/1/14,5/2/14,5/2/14
492,417,628,29850,980,176,31006,4661,26345,60,8,538,32304,36964,4/12/14,5/5/14,5/5/14
826,702,435,8123,1716,222,10061,1677,8383,60,11,184,11049,12727,4/26/14,5/6/14,5/6/14
878,746,536,3623,1275,194,5092,905,4187,60,10,88,5289,6194,4/11/14,5/10/14,5/10/14
72,62,767,3884,564,150,4597,1092,3505,60,4,65,3901,4993,5/5/14,5/11/14,5/11/14
207,182,528,33202,1430,204,34836,7523,27313,60,10,576,34584,42107,4/18/14,5/11/14,5/11/14
270,233,606,4531,1256,193,5980,816,5164,60,9,106,6378,7193,4/13/14,5/13/14,5/13/14
791,672,554,33748,698,158,34604,5327,29276,60,9,613,36763,42090,4/27/14,5/14/14,5/14/14
37,31,531,29920,252,130,30302,5187,25115,60,10,530,31773,36960,4/29/14,5/14/14,5/14/14
900,763,809,11314,455,143,11912,3105,8806,60,4,161,9636,12741,4/25/14,5/15/14,5/15/14
693,591,795,2639,335,135,3109,645,2464,60,4,45,2712,3357,4/18/14,5/16/14,5/16/14
806,682,614,26914,717,159,27790,3926,23864,60,9,490,29394,33320,4/26/14,5/16/14,5/16/14
513,435,435,4046,1662,218,5926,440,5486,60,12,121,7242,7682,5/6/14,5/17/14,5/17/14
764,649,435,3460,1122,184,4766,692,4074,60,12,90,5390,6082,4/22/14,5/22/14,5/22/14
587,500,665,18443,991,176,19610,4156,15454,60,6,299,17919,22075,5/7/14,5/23/14,5/23/14
301,259,797,3787,875,169,4830,1009,3821,60,4,70,4201,5210,4/30/14,5/24/14,5/24/14
881,749,726,12172,783,163,13118,1518,11600,60,5,219,13128,14646,5/7/14,5/24/14,5/24/14
958,812,624,26478,1707,221,28406,6753,21653,60,8,443,26585,33338,5/15/14,5/24/14,5/24/14
796,677,811,5588,444,142,6174,1103,5071,60,4,92,5544,6647,5/18/14,5/27/14,5/27/14
525,446,508,6623,1500,208,8331,719,7611,60,10,162,9701,10421,5/10/14,5/28/14,5/28/14
339,290,779,27800,1986,238,30024,7775,22249,60,4,411,24648,32423,5/18/14,5/31/14,5/31/14
598,509,775,32870,635,154,33659,8155,25504,60,4,472,28298,36453,5/3/14,6/1/14,6/1/14
206,181,535,26420,484,145,27049,6419,20629,60,8,420,25181,31600,5/7/14,6/3/14,6/3/14
650,553,528,36200,1243,192,37635,7799,29836,60,8,609,36522,44321,5/29/14,6/8/14,6/8/14
391,335,629,7181,1943,236,9360,1570,7790,60,8,159,9549,11119,5/20/14,6/9/14,6/9/14
348,299,840,5820,1959,237,8016,733,7283,60,3,131,7870,8603,5/27/14,6/10/14,6/10/14
25,22,435,2877,1515,209,4601,781,3820,60,12,85,5081,5862,5/24/14,6/11/14,6/11/14
630,536,435,41930,487,145,42562,10995,31567,60,11,690,41411,52406,5/11/14,6/11/14,6/11/14
588,501,554,2591,883,169,3644,440,3204,60,9,67,4024,4464,5/13/14,6/12/14,6/12/14
840,713,627,7300,750,161,8211,2186,6025,60,8,123,7389,9575,5/22/14,6/14/14,6/14/14
837,711,551,4185,234,129,4548,1098,3450,60,9,72,4337,5434,5/27/14,6/15/14,6/15/14
362,311,810,31098,262,131,31491,5792,25698,60,4,468,28108,33900,6/5/14,6/16/14,6/16/14
12,9,734,8617,466,143,9226,1014,8212,60,5,154,9264,10278,6/11/14,6/20/14,6/20/14
636,540,450,15144,703,158,16005,2552,13453,60,11,291,17464,20016,6/12/14,6/20/14,6/20/14
759,645,435,21625,456,143,22224,5977,16247,60,11,354,21259,27236,5/24/14,6/21/14,6/21/14
831,708,623,31000,919,172,32091,7609,24482,60,8,501,30067,37676,6/3/14,6/22/14,6/22/14
760,646,582,59098,1156,187,60441,11863,48578,60,9,1008,60452,72315,5/29/14,6/22/14,6/22/14
882,749,757,3513,444,142,4099,837,3262,60,4,61,3646,4483,6/3/14,6/24/14,6/24/14
188,163,775,52999,794,164,53957,5697,48260,60,4,892,53539,59236,5/28/14,6/26/14,6/26/14
168,143,568,2994,1597,214,4805,332,4473,60,9,93,5592,5923,6/4/14,6/26/14,6/26/14
722,616,591,4989,11,115,5115,966,4148,60,9,86,5148,6115,6/8/14,6/30/14,6/30/14
602,513,478,2751,119,122,2992,495,2497,60,10,54,3213,3708,6/11/14,6/30/14,6/30/14
794,675,435,5297,1635,216,7148,1336,5812,60,12,129,7731,9068,6/15/14,6/30/14,6/30/14
735,626,816,24423,1945,236,26604,3339,23265,60,3,423,25383,28722,6/12/14,7/1/14,7/1/14
828,704,435,2722,1209,190,4121,729,3392,60,12,75,4515,5244,6/10/14,7/2/14,7/2/14
853,724,539,53250,1416,203,54869,8206,46663,60,8,948,56858,65063,6/28/14,7/3/14,7/3/14
281,241,826,4072,1409,202,5684,943,4740,60,3,86,5151,6094,6/7/14,7/4/14,7/4/14
862,732,435,5112,338,135,5585,1402,4183,60,11,92,5504,6906,6/6/14,7/4/14,7/4/14
269,231,582,6013,1631,216,7860,1292,6568,60,9,136,8173,9466,6/8/14,7/7/14,7/7/14
288,249,460,15153,112,121,15386,2022,13364,60,11,288,17294,19317,6/27/14,7/7/14,7/7/14
531,450,581,29985,920,172,31077,5561,25516,60,9,529,31768,37329,7/3/14,7/10/14,7/10/14
955,811,576,2277,1035,179,3491,396,3096,60,7,62,3718,4113,7/6/14,7/11/14,7/11/14
204,180,529,3423,1757,224,5405,1027,4378,60,8,89,5356,6383,6/12/14,7/12/14,7/12/14
166,144,542,25472,1751,224,27447,4710,22737,60,10,478,28659,33369,7/5/14,7/17/14,7/17/14
578,492,556,24553,1076,182,25811,3996,21814,60,8,440,26406,30403,7/2/14,7/18/14,7/18/14
223,194,533,5327,556,149,6032,1483,4549,60,8,93,5557,7040,6/24/14,7/19/14,7/19/14
647,550,785,9797,996,177,10970,2758,8211,60,4,151,9074,11833,6/26/14,7/21/14,7/21/14
589,502,772,3837,1373,200,5410,420,4990,60,4,92,5543,5963,6/26/14,7/21/14,7/21/14
656,558,601,33751,1773,225,35749,5932,29817,60,7,591,35459,41391,6/30/14,7/21/14,7/21/14
493,418,673,14255,386,138,14779,2021,12758,60,6,246,14746,16768,7/16/14,7/26/14,7/26/14
268,232,583,28914,927,172,30013,7452,22561,60,9,468,28069,35521,7/21/14,7/26/14,7/26/14
906,768,457,31029,1495,208,32732,4825,27906,60,11,602,36147,40972,7/12/14,7/26/14,7/26/14
682,582,825,3881,1929,235,6045,1060,4985,60,3,90,5420,6480,6/26/14,7/27/14,7/27/14
128,110,516,30980,187,126,31293,6987,24306,60,10,515,30902,37889,7/11/14,8/1/14,8/1/14
292,252,588,5780,1589,214,7583,1165,6418,60,9,133,7972,9137,7/18/14,8/3/14,8/3/14
822,698,609,3388,1167,187,4742,822,3920,60,9,81,4836,5658,7/5/14,8/4/14,8/4/14
503,426,724,6201,1346,198,7745,1485,6260,60,5,118,7091,8575,7/17/14,8/6/14,8/6/14
337,288,767,28421,402,139,28962,7997,20966,60,4,389,23334,31331,8/2/14,8/7/14,8/7/14
751,637,626,2783,1399,202,4384,704,3680,60,8,75,4515,5219,7/26/14,8/10/14,8/10/14
810,687,435,17451,143,123,17717,4371,13346,60,12,294,17613,21984,7/31/14,8/10/14,8/10/14
410,351,824,3247,877,169,4293,350,3943,60,3,71,4289,4639,8/1/14,8/13/14,8/13/14
752,638,527,21752,728,160,22640,2981,19659,60,10,415,24900,27881,8/3/14,8/15/14,8/15/14
879,748,632,18340,1810,227,20377,3717,16660,60,7,326,19573,23290,8/11/14,8/17/14,8/17/14
748,635,623,3064,1098,183,4344,789,3555,60,8,73,4366,5155,7/26/14,8/18/14,8/18/14
2,1,556,3701,1126,185,5012,772,4240,60,9,89,5322,6094,7/28/14,8/22/14,8/22/14
774,658,781,26725,1803,227,28755,2883,25872,60,4,477,28639,31522,8/18/14,8/23/14,8/23/14
427,366,474,3184,1158,187,4529,577,3952,60,10,85,5091,5668,8/3/14,8/26/14,8/26/14
710,605,477,17241,1450,205,18896,4959,13937,60,10,299,17940,22898,8/21/14,8/28/14,8/28/14
753,639,455,28684,1300,196,30180,4015,26164,60,11,565,33918,37933,7/30/14,8/30/14,8/30/14
561,477,603,32999,1213,190,34402,9305,25097,60,7,497,29824,39129,8/3/14,8/31/14,8/31/14
219,191,704,5478,577,150,6205,1599,4606,60,5,88,5259,6858,8/19/14,9/3/14,9/3/14
221,193,435,2917,1109,184,4209,654,3555,60,11,78,4685,5339,8/9/14,9/3/14,9/3/14
839,712,765,31530,1866,231,33627,5199,28428,60,4,528,31668,36868,8/4/14,9/4/14,9/4/14
11,10,601,2980,1238,192,4409,623,3787,60,9,78,4684,5307,8/24/14,9/4/14,9/4/14
465,396,799,16210,1215,190,17615,4520,13095,60,4,240,14387,18907,8/31/14,9/8/14,9/8/14
957,812,502,19939,735,160,20834,3666,17168,60,10,365,21922,25588,8/31/14,9/14/14,9/14/14
408,349,572,18589,913,171,19673,2149,17524,60,9,365,21883,24032,9/9/14,9/18/14,9/18/14
814,692,615,13907,1695,220,15822,3327,12495,60,9,256,15387,18714,9/9/14,9/19/14,9/19/14
302,260,552,23381,1048,180,24609,2883,21725,60,8,439,26341,29225,8/21/14,9/19/14,9/19/14
747,636,714,1498,315,134,1947,438,1509,60,5,29,1716,2154,8/26/14,9/20/14,9/20/14
68,58,623,2713,412,140,3265,811,2454,60,8,50,3014,3825,8/31/14,9/20/14,9/20/14
692,590,501,23183,791,164,24138,3471,20667,60,10,440,26396,29866,9/17/14,9/22/14,9/22/14
985,835,833,35322,1224,191,36737,5951,30786,60,3,556,33359,39310,9/16/14,9/23/14,9/23/14
8,7,798,4597,1044,180,5820,1186,4635,60,4,85,5094,6280,9/5/14,9/23/14,9/23/14
216,188,435,32000,1862,231,34093,7293,26799,60,12,590,35429,42722,9/14/14,9/25/14,9/25/14
38,32,514,3773,856,168,4797,617,4180,60,10,89,5316,5933,9/17/14,9/28/14,9/28/14
938,797,551,25677,1464,206,27347,6814,20533,60,8,415,24903,31717,9/20/14,10/1/14,10/1/14
675,574,691,23514,1785,226,25525,4486,21039,60,6,402,24147,28634,9/24/14,10/2/14,10/2/14
304,260,676,6379,1733,223,8335,844,7491,60,6,144,8646,9490,9/16/14,10/4/14,10/4/14
466,397,503,23695,1072,181,24948,2469,22479,60,10,478,28695,31165,9/13/14,10/4/14,10/4/14
411,352,435,27500,337,135,27972,4158,23814,60,11,519,31167,35325,9/28/14,10/7/14,10/7/14
79,67,788,5957,1478,207,7641,1355,6287,60,4,116,6937,8291,10/1/14,10/8/14,10/8/14
262,225,732,20474,683,157,21314,5713,15601,60,5,293,17610,23323,9/15/14,10/9/14,10/9/14
81,69,529,9256,508,146,9910,2087,7823,60,10,165,9903,11990,10/7/14,10/12/14,10/12/14
697,595,728,21628,895,170,22693,5237,17456,60,5,329,19734,24971,9/24/14,10/14/14,10/14/14
659,560,607,6590,1011,177,7779,1926,5853,60,9,120,7226,9152,9/25/14,10/14/14,10/14/14
47,43,625,26651,957,174,27782,5279,22503,60,7,442,26507,31786,10/6/14,10/15/14,10/15/14
14,12,770,4092,1482,207,5780,824,4957,60,4,92,5510,6334,10/11/14,10/16/14,10/16/14
26,23,761,14076,1437,204,15717,1939,13778,60,4,256,15371,17310,9/28/14,10/16/14,10/16/14
317,273,593,30252,883,169,31304,4906,26399,60,7,525,31501,36407,9/18/14,10/16/14,10/16/14
230,201,814,2651,1643,217,4511,291,4220,60,4,77,4607,4899,10/2/14,10/18/14,10/18/14
543,462,533,30817,511,146,31474,8144,23330,60,10,492,29495,37639,9/28/14,10/18/14,10/18/14
130,112,713,2792,492,145,3429,323,3106,60,5,59,3534,3857,9/28/14,10/19/14,10/19/14
552,469,710,5620,833,166,6619,1343,5275,60,5,100,6009,7352,9/18/14,10/19/14,10/19/14
147,125,734,4813,391,139,5343,1130,4213,60,5,79,4751,5881,10/2/14,10/20/14,10/20/14
280,242,704,5245,1410,202,6858,1200,5658,60,5,108,6461,7660,10/6/14,10/22/14,10/22/14
580,493,831,2734,1003,177,3914,436,3479,60,3,63,3773,4208,10/1/14,10/23/14,10/23/14
838,712,812,13047,657,155,13859,2108,11751,60,4,214,12842,14950,10/3/14,10/25/14,10/25/14
423,361,555,4098,815,165,5078,530,4548,60,9,95,5710,6240,10/21/14,10/26/14,10/26/14
472,400,736,15205,476,144,15825,2097,13728,60,5,258,15472,17569,10/18/14,10/27/14,10/27/14
585,498,778,4449,773,163,5384,816,4568,60,4,84,5061,5877,9/28/14,10/28/14,10/28/14
832,707,435,15635,633,154,16422,3552,12870,60,11,283,16980,20532,10/4/14,10/28/14,10/28/14
545,464,838,36267,971,175,37413,8281,29132,60,3,525,31501,39782,10/8/14,10/29/14,10/29/14
54,47,811,14802,1899,233,16934,4310,12624,60,4,230,13801,18111,10/17/14,10/29/14,10/29/14
641,544,790,4012,246,130,4388,856,3532,60,4,65,3894,4750,10/21/14,11/1/14,11/1/14
605,515,651,28451,1810,227,30488,3043,27445,60,6,533,32003,35046,10/27/14,11/12/14,11/12/14
473,401,527,18099,1396,202,19697,1951,17745,60,10,375,22480,24432,11/5/14,11/12/14,11/12/14
126,109,774,36570,216,128,36914,5594,31319,60,4,579,34754,40349,10/28/14,11/13/14,11/13/14
395,338,543,24684,1648,217,26549,6665,19885,60,8,403,24197,30862,10/19/14,11/15/14,11/15/14
110,94,528,32000,1294,195,33489,5125,28364,60,8,579,34716,39841,10/29/14,11/15/14,11/15/14
788,669,787,33783,728,160,34671,5263,29408,60,4,541,32473,37735,11/11/14,11/17/14,11/17/14
307,263,774,22897,835,166,23898,6499,17399,60,4,322,19313,25812,11/4/14,11/17/14,11/17/14
122,105,626,28015,878,169,29062,3467,25595,60,7,502,30142,33609,11/2/14,11/18/14,11/18/14
617,524,520,27367,284,132,27783,5657,22126,60,10,468,28094,33751,11/15/14,11/20/14,11/20/14
721,614,435,16474,1931,235,18640,4647,13993,60,12,311,18638,23285,11/1/14,11/20/14,11/20/14
407,348,739,22118,26,116,22260,3376,18884,60,5,354,21254,24630,11/11/14,11/22/14,11/22/14
448,382,555,31595,1884,232,33711,3192,30519,60,9,639,38311,41503,11/4/14,11/22/14,11/22/14
332,284,576,4161,1794,226,6181,911,5270,60,7,106,6330,7241,10/27/14,11/23/14,11/23/14
564,480,435,6626,313,134,7073,1328,5745,60,12,128,7654,8982,11/12/14,11/25/14,11/25/14
402,343,565,12569,1135,185,13889,2596,11293,60,8,227,13625,16221,11/19/14,11/26/14,11/26/14
403,345,435,30258,1496,208,31962,5684,26278,60,12,584,35065,40749,11/16/14,11/30/14,11/30/14
494,420,648,4307,1279,194,5780,738,5042,60,6,98,5887,6625,11/3/14,12/2/14,12/2/14
257,221,528,7405,317,134,7856,1843,6013,60,8,123,7360,9203,11/21/14,12/3/14,12/3/14
326,280,804,31726,1224,191,33141,8827,24314,60,4,444,26654,35481,11/7/14,12/5/14,12/5/14
88,74,566,2672,1166,187,4025,470,3555,60,9,74,4448,4918,11/15/14,12/7/14,12/7/14
549,466,435,7127,1585,213,8926,1731,7195,60,11,158,9478,11209,11/17/14,12/7/14,12/7/14
113,97,768,3236,1750,224,5210,927,4283,60,4,79,4765,5692,11/18/14,12/9/14,12/9/14
19,17,435,2470,130,122,2722,279,2443,60,11,53,3206,3484,11/22/14,12/10/14,12/10/14
533,452,729,34500,524,147,35171,10027,25144,60,5,474,28417,38444,11/29/14,12/12/14,12/12/14
271,234,811,20975,1715,221,22911,4048,18864,60,4,344,20628,24675,11/21/14,12/13/14,12/13/14
67,58,436,29137,600,152,29889,8630,21258,60,11,462,27721,36351,11/18/14,12/13/14,12/13/14
211,185,683,46000,1059,180,47239,9734,37506,60,6,720,43187,52921,12/7/14,12/14/14,12/14/14
458,390,618,6689,452,143,7284,1008,6276,60,8,129,7720,8728,11/27/14,12/15/14,12/15/14
389,334,731,44000,1143,186,45329,5125,40204,60,5,757,45410,50535,11/18/14,12/16/14,12/16/14
978,830,509,4356,40,117,4513,561,3952,60,10,84,5034,5595,11/17/14,12/16/14,12/16/14
742,631,564,4354,1219,190,5763,1184,4579,60,9,96,5732,6916,11/25/14,12/19/14,12/19/14
849,720,790,21430,1542,211,23183,5966,17217,60,4,316,18986,24952,12/14/14,12/20/14,12/20/14
61,53,554,36228,646,155,37029,5278,31750,60,8,641,38467,43745,11/30/14,12/23/14,12/23/14
734,625,525,6232,604,152,6988,1348,5639,60,8,115,6910,8258,11/28/14,12/24/14,12/24/14
892,755,613,26419,1474,206,28099,5870,22230,60,9,456,27386,33256,11/29/14,12/25/14,12/25/14
42,36,435,41540,510,146,42196,4182,38014,60,11,830,49815,53997,12/10/14,12/27/14,12/27/14
22,19,469,45900,1332,198,47430,5176,42254,60,11,909,54519,59695,12/9/14,12/28/14,12/28/14
574,489,827,1056,789,164,2009,310,1698,60,3,31,1845,2155,12/10/14,1/5/15,1/5/15
57,50,767,3150,1528,210,4888,357,4531,60,4,84,5044,5401,12/31/14,1/5/15,1/5/15
639,542,601,42665,612,153,43430,5955,37474,60,9,772,46349,52304,12/26/14,1/5/15,1/5/15
903,766,793,34723,1384,201,36308,7841,28467,60,4,523,31350,39191,12/27/14,1/7/15,1/7/15
678,576,834,23138,1781,226,25145,4831,20314,60,3,367,22006,26837,12/14/14,1/10/15,1/10/15
18,16,787,5146,871,169,6185,546,5639,60,4,104,6225,6771,12/24/14,1/10/15,1/10/15
78,67,737,54873,955,174,56002,9089,46913,60,5,881,52852,61941,12/12/14,1/10/15,1/10/15
149,128,812,6136,288,132,6557,1336,5220,60,4,95,5704,7040,12/24/14,1/11/15,1/11/15
597,507,435,24999,655,155,25809,3939,21870,60,11,481,28857,32796,1/3/15,1/14/15,1/14/15
982,833,535,6448,501,146,7094,1737,5357,60,10,113,6769,8506,12/24/14,1/15/15,1/15/15
825,701,442,23583,108,121,23812,4423,19389,60,11,421,25234,29657,12/20/14,1/16/15,1/16/15
164,140,435,1243,1071,181,2495,269,2227,60,12,49,2956,3224,12/18/14,1/17/15,1/17/15
416,354,810,54000,1186,188,55374,8939,46435,60,4,847,50792,59731,12/18/14,1/18/15,1/18/15
824,700,739,2116,1062,181,3358,345,3013,60,5,57,3392,3737,1/12/15,1/21/15,1/21/15
924,785,435,6988,172,125,7285,1782,5503,60,11,121,7249,9031,1/3/15,1/21/15,1/21/15
993,843,435,16123,1570,212,17905,3427,14478,60,12,319,19142,22570,12/27/14,1/27/15,1/27/15
517,438,797,13960,784,163,14907,3054,11853,60,4,217,13033,16087,1/22/15,1/29/15,1/29/15
689,588,435,32443,515,146,33104,8914,24191,60,11,531,31845,40759,1/17/15,1/30/15,1/30/15
252,217,801,31622,1382,201,33205,4928,28277,60,4,517,31043,35971,1/24/15,2/1/15,2/1/15
717,610,534,31100,1191,189,32480,6855,25624,60,10,540,32385,39240,1/24/15,2/2/15,2/2/15
112,96,526,4750,1485,207,6442,933,5509,60,10,116,6982,7915,1/14/15,2/2/15,2/2/15
893,756,444,28858,172,125,29155,3710,25445,60,11,552,33102,36812,1/11/15,2/2/15,2/2/15
387,332,797,19262,151,124,19537,4442,15095,60,4,277,16598,21040,1/16/15,2/3/15,2/3/15
13,11,447,8456,330,135,8920,1363,7557,60,11,164,9820,11183,1/21/15,2/3/15,2/3/15
229,200,771,21480,1051,180,22711,3919,18792,60,4,348,20885,24804,1/22/15,2/4/15,2/4/15
189,164,735,3924,392,139,4454,652,3803,60,5,71,4288,4940,1/27/15,2/5/15,2/5/15
470,399,561,21294,1243,192,22729,6343,16386,60,8,330,19800,26143,1/19/15,2/5/15,2/5/15
123,106,562,1698,1076,182,2956,403,2552,60,8,51,3083,3486,1/16/15,2/6/15,2/6/15
739,628,457,6582,1021,178,7781,1327,6454,60,11,139,8359,9685,1/18/15,2/6/15,2/6/15
629,535,532,37762,970,175,38907,8444,30463,60,10,642,38530,46973,1/22/15,2/7/15,2/7/15
954,810,492,19912,1624,216,21752,3764,17988,60,10,384,23042,26806,1/23/15,2/7/15,2/7/15
358,308,531,4316,150,124,4589,882,3708,60,8,76,4532,5413,1/24/15,2/8/15,2/8/15
442,375,794,3361,1693,220,5274,922,4352,60,4,80,4791,5713,1/25/15,2/9/15,2/9/15
373,322,600,27206,253,130,27589,6628,20961,60,7,416,24945,31573,1/31/15,2/10/15,2/10/15
960,814,553,23733,971,175,24879,6499,18380,60,9,385,23092,29592,1/20/15,2/11/15,2/11/15
429,367,805,3413,1218,190,4822,841,3980,60,4,73,4362,5203,1/19/15,2/12/15,2/12/15
688,586,804,6634,1015,178,7826,1704,6122,60,4,112,6713,8418,1/20/15,2/12/15,2/12/15
997,846,567,2984,1617,215,4817,557,4259,60,9,89,5326,5884,2/7/15,2/12/15,2/12/15
449,381,761,17002,828,166,17996,4211,13785,60,4,256,15382,19593,1/28/15,2/13/15,2/13/15
331,284,722,5242,1372,200,6814,1036,5778,60,5,109,6548,7584,1/24/15,2/13/15,2/13/15
901,764,605,43453,1306,196,44955,5530,39425,60,9,812,48702,54231,1/27/15,2/13/15,2/13/15
58,51,435,9915,1154,186,11255,1932,9323,60,12,205,12321,14254,1/14/15,2/13/15,2/13/15
544,462,551,4608,399,139,5147,1047,4099,60,9,86,5152,6200,1/15/15,2/14/15,2/14/15
743,631,435,24102,825,166,25093,3376,21716,60,11,475,28496,31873,1/18/15,2/14/15,2/14/15
754,640,720,32017,1020,178,33215,9340,23875,60,5,451,27081,36421,1/30/15,2/15/15,2/15/15
614,521,544,55864,790,164,56818,12231,44587,60,8,904,54241,66472,1/21/15,2/16/15,2/16/15
44,39,435,31931,699,158,32788,7919,24869,60,11,543,32610,40529,1/21/15,2/16/15,2/16/15
227,198,573,36860,645,155,37660,9016,28643,60,9,596,35747,44764,1/27/15,2/17/15,2/17/15
246,212,823,4846,34,116,4996,698,4298,60,3,78,4677,5375,1/25/15,2/22/15,2/22/15
183,157,784,2661,1306,196,4163,579,3585,60,4,66,3962,4541,1/23/15,2/22/15,2/22/15
84,72,729,4680,1028,179,5887,809,5078,60,5,96,5740,6549,2/5/15,2/22/15,2/22/15
94,80,520,24099,565,150,24814,4864,19950,60,10,422,25330,30194,2/15/15,2/23/15,2/23/15
295,254,760,4400,1248,192,5840,720,5120,60,4,95,5714,6434,2/10/15,2/25/15,2/25/15
604,514,445,16189,830,166,17185,2064,15121,60,11,328,19660,21725,2/4/15,2/25/15,2/25/15
559,475,435,39999,1721,222,41942,11563,30379,60,12,669,40130,51693,1/26/15,2/25/15,2/25/15
607,516,547,8752,1081,182,10015,1431,8584,60,8,174,10429,11860,2/5/15,2/27/15,2/27/15
86,74,623,2685,1955,236,4876,722,4154,60,8,85,5102,5824,2/7/15,3/1/15,3/1/15
148,126,435,26224,1698,220,28142,7300,20842,60,12,464,27817,35117,1/31/15,3/1/15,3/1/15
908,771,557,25938,189,126,26253,3100,23153,60,9,484,29047,32147,2/24/15,3/2/15,3/2/15
96,81,784,4214,1371,200,5784,815,4970,60,4,92,5494,6308,2/25/15,3/3/15,3/3/15
967,820,498,2951,1795,226,4972,487,4486,60,10,96,5736,6223,2/9/15,3/3/15,3/3/15
63,54,520,22848,20,116,22984,3894,19089,60,10,404,24235,28129,2/17/15,3/5/15,3/5/15
553,470,618,3759,1823,228,5810,1060,4751,60,8,97,5843,6903,2/7/15,3/8/15,3/8/15
665,565,435,5177,431,141,5750,747,5002,60,12,110,6616,7363,2/24/15,3/8/15,3/8/15
940,799,565,3729,46,117,3892,458,3434,60,9,72,4297,4755,2/12/15,3/9/15,3/9/15
23,20,802,25019,769,162,25950,6217,19733,60,4,361,21657,27873,2/25/15,3/10/15,3/10/15
795,676,806,4922,395,139,5456,1110,4346,60,4,79,4762,5872,3/5/15,3/12/15,3/12/15
869,737,621,5015,499,145,5660,1374,4286,60,8,88,5267,6641,2/15/15,3/12/15,3/12/15
284,245,827,4172,1648,217,6037,529,5508,60,3,100,5982,6511,2/20/15,3/13/15,3/13/15
344,295,779,14694,1734,223,16651,1757,14894,60,4,275,16497,18254,2/17/15,3/13/15,3/13/15
191,166,777,6518,1038,179,7735,1588,6147,60,4,114,6815,8403,3/1/15,3/16/15,3/16/15
777,660,467,20748,1718,222,22688,2442,20246,60,11,436,26144,28586,2/27/15,3/17/15,3/17/15
333,285,435,4154,659,155,4968,497,4471,60,12,99,5957,6454,3/9/15,3/17/15,3/17/15
314,270,530,2124,293,133,2549,420,2129,60,8,43,2605,3024,2/19/15,3/19/15,3/19/15
462,393,773,25950,658,155,26763,5105,21658,60,4,401,24050,29155,3/9/15,3/21/15,3/21/15
60,52,451,14681,1842,229,16752,2841,13912,60,11,301,18055,20896,2/25/15,3/21/15,3/21/15
575,490,435,2660,992,176,3828,731,3098,60,12,69,4127,4858,3/8/15,3/22/15,3/22/15
873,741,435,34817,216,128,35161,7157,28004,60,11,613,36797,43953,3/15/15,3/22/15,3/22/15
261,224,435,21588,1257,193,23038,3593,19445,60,11,423,25382,28975,2/22/15,3/24/15,3/24/15
310,266,613,23382,823,166,24371,4392,19979,60,9,410,24613,29005,3/19/15,3/26/15,3/26/15
915,777,557,23770,1207,190,25167,3594,21573,60,8,435,26106,29700,3/10/15,3/26/15,3/26/15
996,847,828,18311,882,169,19362,5268,14094,60,3,255,15301,20569,2/24/15,3/27/15,3/27/15
621,528,513,5751,633,154,6538,613,5924,60,10,126,7537,8151,3/9/15,3/27/15,3/27/15
424,362,595,3759,1939,235,5933,991,4943,60,9,102,6126,7116,3/11/15,3/28/15,3/28/15
542,461,733,4869,1799,227,6894,1295,5599,60,5,105,6318,7614,3/6/15,3/29/15,3/29/15
325,280,797,24917,608,152,25677,4088,21589,60,4,396,23741,27829,3/15/15,3/30/15,3/30/15
305,261,778,6389,61,118,6568,1119,5448,60,4,101,6038,7158,3/20/15,4/1/15,4/1/15
785,667,581,4448,1439,204,6091,932,5159,60,9,107,6423,7355,3/8/15,4/1/15,4/1/15
927,788,508,17187,1172,188,18547,2320,16226,60,10,345,20681,23001,3/20/15,4/2/15,4/2/15
313,267,479,4442,122,122,4686,1100,3586,60,10,77,4612,5712,3/7/15,4/7/15,4/7/15
382,329,716,4262,1682,219,6163,725,5439,60,5,103,6179,6904,3/30/15,4/8/15,4/8/15
834,709,586,21317,625,153,22095,4119,17976,60,9,372,22342,26461,3/17/15,4/8/15,4/8/15
508,430,497,2400,1186,188,3775,445,3330,60,10,71,4259,4704,3/23/15,4/8/15,4/8/15
715,609,734,39553,1440,204,41197,5386,35811,60,5,673,40389,45776,3/25/15,4/10/15,4/10/15
856,726,568,1829,794,164,2787,239,2548,60,9,53,3185,3425,3/14/15,4/11/15,4/11/15
443,376,797,46800,751,161,47712,8366,39347,60,4,721,43263,51629,3/19/15,4/13/15,4/13/15
989,839,768,13533,229,129,13891,3467,10423,60,4,193,11595,15062,3/13/15,4/13/15,4/13/15
256,220,725,49183,648,155,49986,13399,36586,60,5,690,41424,54823,3/21/15,4/13/15,4/13/15
201,176,585,28306,563,149,29018,5485,23534,60,9,488,29264,34748,3/16/15,4/13/15,4/13/15
180,156,445,7495,642,154,8292,1724,6568,60,11,142,8540,10264,3/21/15,4/13/15,4/13/15
699,596,609,34188,1498,208,35894,7087,28807,60,9,592,35542,42630,3/21/15,4/14/15,4/14/15
560,476,815,12351,1969,237,14557,2755,11803,60,3,215,12882,15636,3/18/15,4/15/15,4/15/15
357,307,747,23586,779,163,24528,3075,21453,60,5,401,24073,27148,3/27/15,4/15/15,4/15/15
161,138,661,28461,574,150,29185,6071,23114,60,6,447,26841,32912,3/25/15,4/15/15,4/15/15
554,471,776,17991,726,160,18877,4861,14015,60,4,259,15545,20407,4/2/15,4/16/15,4/16/15
600,511,740,42251,1693,220,44164,10311,33853,60,5,635,38086,48397,3/25/15,4/16/15,4/16/15
539,459,782,35563,1881,232,37676,8961,28715,60,4,529,31762,40723,4/3/15,4/17/15,4/17/15
225,196,605,5513,19,115,5647,1194,4453,60,9,92,5501,6695,4/10/15,4/17/15,4/17/15
192,167,560,3045,1976,238,5259,741,4518,60,9,94,5662,6403,3/20/15,4/17/15,4/17/15
804,684,759,3675,1407,202,5284,552,4733,60,4,88,5285,5837,4/12/15,4/18/15,4/18/15
334,288,791,2012,1955,236,4203,467,3737,60,4,69,4118,4585,3/31/15,4/19/15,4/19/15
485,412,527,4816,606,152,5574,1145,4429,60,10,94,5611,6756,4/5/15,4/21/15,4/21/15
177,152,774,25808,1762,224,27794,3202,24592,60,4,455,27296,30498,3/26/15,4/24/15,4/24/15
920,783,771,13699,1852,230,15781,2397,13384,60,4,248,14873,17270,4/16/15,4/25/15,4/25/15
461,392,633,34395,1579,213,36187,9361,26826,60,7,525,31506,40867,4/14/15,4/25/15,4/25/15
267,230,474,3793,1695,220,5708,701,5007,60,10,108,6451,7152,4/21/15,4/26/15,4/26/15
961,813,816,20502,357,137,20996,4265,16731,60,3,304,18253,22518,4/5/15,4/27/15,4/27/15
569,484,562,22594,681,157,23432,3016,20416,60,9,426,25572,28588,3/28/15,4/28/15,4/28/15
673,573,606,20838,22,116,20976,5983,14992,60,9,309,18517,24500,4/20/15,5/1/15,5/1/15
436,372,791,32215,1906,233,34354,7048,27306,60,4,502,30094,37142,4/21/15,5/3/15,5/3/15
477,404,435,2495,1915,234,4644,568,4075,60,11,89,5339,5907,4/20/15,5/7/15,5/7/15
969,821,435,14999,675,156,15830,3773,12058,60,11,263,15764,19536,5/2/15,5/7/15,5/7/15
371,320,526,3402,896,170,4468,919,3549,60,8,72,4347,5265,4/16/15,5/8/15,5/8/15
450,383,830,26282,225,128,26635,5670,20966,60,3,379,22742,28412,4/19/15,5/11/15,5/11/15
683,583,527,2104,1682,219,4005,521,3484,60,8,71,4267,4788,4/30/15,5/12/15,5/12/15
364,312,813,27970,1787,226,29983,7692,22291,60,4,406,24351,32043,4/28/15,5/13/15,5/13/15
243,210,467,3942,1408,202,5552,530,5022,60,11,108,6485,7015,4/12/15,5/13/15,5/13/15
127,109,790,2296,763,162,3221,582,2638,60,4,48,2909,3492,4/18/15,5/14/15,5/14/15
399,341,703,7185,1875,231,9291,1429,7862,60,5,150,8979,10407,4/14/15,5/14/15,5/14/15
965,818,545,10303,1031,179,11513,1538,9975,60,9,209,12562,14100,5/10/15,5/16/15,5/16/15
917,778,435,5825,928,172,6925,781,6144,60,12,136,8183,8963,4/21/15,5/16/15,5/16/15
239,205,612,19415,1371,200,20986,3349,17637,60,9,362,21735,25084,5/12/15,5/17/15,5/17/15
645,548,435,31242,1679,219,33140,6599,26541,60,11,582,34937,41535,4/19/15,5/17/15,5/17/15
603,512,649,2891,1369,200,4460,304,4156,60,6,81,4850,5154,4/22/15,5/18/15,5/18/15
338,289,624,3246,656,155,4057,825,3233,60,8,66,3969,4793,4/17/15,5/18/15,5/18/15
297,255,568,4928,1426,203,6558,1379,5179,60,8,104,6240,7619,5/8/15,5/19/15,5/19/15
556,472,576,4653,853,168,5673,1126,4547,60,7,91,5463,6589,5/13/15,5/20/15,5/20/15
593,505,564,4513,935,173,5620,1167,4453,60,9,93,5575,6742,5/3/15,5/20/15,5/20/15
217,189,435,34003,1722,222,35947,3616,32331,60,11,707,42400,46015,5/13/15,5/23/15,5/23/15
811,688,566,25776,884,170,26830,7545,19284,60,8,388,23258,30803,4/26/15,5/26/15,5/26/15
486,412,435,3642,1122,184,4949,613,4335,60,11,95,5693,6306,5/8/15,5/26/15,5/26/15
29,25,544,2168,1215,190,3573,572,3001,60,9,63,3780,4352,5/12/15,5/28/15,5/28/15
383,330,463,7728,815,165,8708,1667,7041,60,11,152,9104,10772,5/24/15,5/30/15,5/30/15
413,354,822,37618,821,166,38605,3773,34832,60,3,632,37906,41679,5/24/15,5/31/15,5/31/15
653,554,544,12499,569,150,13218,1844,11374,60,9,239,14330,16174,5/26/15,6/1/15,6/1/15
502,425,435,15634,1092,183,16909,4594,12315,60,12,273,16375,20969,5/10/15,6/1/15,6/1/15
240,207,726,21252,1254,193,22699,2986,19713,60,5,372,22305,25290,5/24/15,6/2/15,6/2/15
125,108,790,23842,1945,236,26023,4248,21774,60,4,400,24011,28260,5/10/15,6/3/15,6/3/15
200,175,621,35982,1264,193,37439,8485,28955,60,7,569,34161,42645,5/21/15,6/4/15,6/4/15
488,413,845,2726,699,158,3583,615,2968,60,3,53,3200,3815,5/22/15,6/6/15,6/6/15
438,373,488,2169,1398,202,3769,251,3518,60,10,75,4512,4763,5/12/15,6/6/15,6/6/15
767,652,534,26588,1008,177,27773,6435,21338,60,10,449,26969,33404,5/8/15,6/7/15,6/7/15
944,802,435,21005,1166,187,22358,2600,19759,60,11,432,25927,28526,5/25/15,6/8/15,6/8/15
355,305,504,21255,1976,238,23469,5955,17514,60,10,373,22351,28305,5/27/15,6/11/15,6/11/15
45,37,617,1464,1705,221,3389,250,3139,60,7,62,3710,3960,5/16/15,6/13/15,6/13/15
784,667,527,24942,1904,233,27079,5431,21649,60,8,442,26510,31940,5/31/15,6/13/15,6/13/15
904,767,442,8381,1958,237,10575,900,9675,60,11,210,12594,13495,5/21/15,6/15/15,6/15/15
319,274,801,2189,89,120,2398,407,1991,60,4,36,2186,2593,6/4/15,6/16/15,6/16/15
732,624,761,19218,1633,216,21067,3556,17511,60,4,326,19538,23094,5/30/15,6/16/15,6/16/15
95,81,790,1974,1129,185,3288,362,2927,60,4,54,3226,3588,5/27/15,6/17/15,6/17/15
321,276,760,50551,1930,235,52716,8588,44128,60,4,821,49255,57842,5/31/15,6/17/15,6/17/15
979,832,594,46462,1727,222,48411,10766,37646,60,7,748,44903,55669,6/8/15,6/19/15,6/19/15
69,59,782,11116,13,115,11244,2061,9183,60,4,169,10160,12221,5/24/15,6/20/15,6/20/15
469,398,435,48999,1195,189,50383,6800,43583,60,11,958,57465,64265,6/1/15,6/20/15,6/20/15
27,24,727,39514,385,138,40037,8376,31661,60,5,597,35806,44183,6/1/15,6/22/15,6/22/15
941,800,435,36253,1256,193,37702,10198,27504,60,11,604,36229,46427,5/28/15,6/22/15,6/22/15
182,158,755,28929,1241,192,30362,8536,21825,60,5,407,24414,32951,5/26/15,6/23/15,6/23/15
980,832,549,25124,1946,236,27306,4352,22954,60,8,464,27864,32216,6/16/15,6/25/15,6/25/15
813,691,580,3953,395,139,4487,997,3491,60,9,72,4347,5343,6/3/15,6/26/15,6/26/15
800,681,435,3969,454,143,4566,638,3928,60,12,87,5205,5843,6/21/15,6/26/15,6/26/15
446,379,843,29147,437,142,29726,6840,22885,60,3,412,24694,31534,6/4/15,6/28/15,6/28/15
336,287,646,2294,954,174,3422,376,3046,60,6,59,3559,3935,6/22/15,6/28/15,6/28/15
643,546,844,31482,1099,183,32764,5041,27723,60,3,498,29906,34947,6/14/15,6/30/15,6/30/15
582,495,496,5031,4,115,5149,1462,3688,60,10,79,4717,6179,6/12/15,7/1/15,7/1/15
808,686,435,3952,1529,210,5691,1180,4511,60,12,100,5984,7164,6/19/15,7/1/15,7/1/15
350,301,582,27147,550,149,27846,5697,22149,60,9,459,27566,33262,6/11/15,7/3/15,7/3/15
478,405,555,21898,1768,225,23891,4636,19255,60,9,403,24170,28806,6/8/15,7/7/15,7/7/15
956,811,660,4623,1353,199,6175,852,5323,60,6,103,6185,7037,6/17/15,7/9/15,7/9/15
515,436,802,41769,1162,187,43118,7150,35968,60,4,658,39472,46622,7/1/15,7/10/15,7/10/15
144,123,798,11305,98,120,11523,1314,10209,60,4,187,11221,12536,7/1/15,7/10/15,7/10/15
170,146,587,6778,489,145,7412,1352,6060,60,9,125,7529,8881,6/9/15,7/10/15,7/10/15
527,448,602,2295,758,162,3214,271,2943,60,9,61,3640,3910,6/22/15,7/11/15,7/11/15
626,532,816,24000,160,124,24284,6307,17978,60,3,327,19615,25922,6/28/15,7/12/15,7/12/15
628,534,602,44181,1661,218,46060,7492,38568,60,9,795,47685,55177,6/19/15,7/12/15,7/12/15
418,358,592,5442,559,149,6151,1500,4651,60,7,93,5551,7050,6/21/15,7/12/15,7/12/15
802,680,608,22412,264,131,22807,5611,17195,60,9,354,21224,26835,6/24/15,7/15/15,7/15/15
352,302,606,9740,871,169,10779,1879,8900,60,9,183,10992,12872,6/30/15,7/15/15,7/15/15
30,26,624,12558,276,132,12966,1383,11583,60,8,237,14222,15605,6/29/15,7/16/15,7/16/15
922,782,579,5575,57,118,5750,1000,4751,60,9,99,5917,6917,6/19/15,7/17/15,7/17/15
73,61,435,14548,1369,200,16117,3679,12438,60,12,274,16458,20136,6/21/15,7/18/15,7/18/15
303,259,741,1035,729,160,1924,238,1686,60,5,32,1897,2134,6/18/15,7/19/15,7/19/15
396,339,538,16629,1443,204,18276,4465,13812,60,10,291,17437,21902,6/24/15,7/19/15,7/19/15
771,656,821,5025,1595,214,6834,1267,5567,60,3,101,6061,7328,7/2/15,7/20/15,7/20/15
579,492,559,2105,1555,211,3872,460,3412,60,8,69,4126,4586,7/15/15,7/20/15,7/20/15
937,796,440,4129,1759,224,6112,1030,5082,60,11,110,6619,7648,7/2/15,7/20/15,7/20/15
889,754,435,37576,1149,186,38911,8183,30728,60,12,682,40950,49133,7/9/15,7/21/15,7/21/15
153,129,630,32117,378,138,32633,4099,28534,60,7,559,33548,37647,7/17/15,7/27/15,7/27/15
709,605,481,27726,690,157,28573,6288,22285,60,10,477,28650,34938,7/6/15,7/28/15,7/28/15
959,813,809,26036,967,175,27178,4646,22532,60,4,411,24650,29296,6/30/15,7/30/15,7/30/15
220,192,839,30662,1819,228,32709,4971,27738,60,3,500,29985,34956,7/18/15,8/1/15,8/1/15
970,824,725,34155,697,158,35010,6319,28691,60,5,541,32474,38792,7/26/15,8/2/15,8/2/15
213,185,688,49515,540,148,50203,12344,37859,60,6,725,43494,55838,7/18/15,8/2/15,8/2/15
300,258,435,33915,1076,182,35173,8994,26178,60,11,575,34489,43483,7/22/15,8/3/15,8/3/15
426,364,843,39156,1919,234,41309,7725,33584,60,3,604,36241,43966,7/19/15,8/6/15,8/6/15
601,512,642,23627,1682,219,25528,3493,22035,60,6,430,25789,29282,7/30/15,8/6/15,8/6/15
212,184,787,4659,1194,189,6042,858,5184,60,4,95,5723,6581,7/26/15,8/12/15,8/12/15
441,376,730,17168,37,117,17322,3382,13939,60,5,262,15746,19129,7/21/15,8/12/15,8/12/15
346,297,621,5673,488,145,6306,791,5515,60,8,113,6778,7568,7/16/15,8/12/15,8/12/15
964,817,581,27447,372,138,27957,3746,24210,60,7,484,29026,32772,8/4/15,8/13/15,8/13/15
7,6,832,4982,1724,222,6928,1075,5853,60,3,106,6344,7420,7/28/15,8/16/15,8/16/15
606,515,620,13724,1627,216,15567,1802,13765,60,7,271,16248,18050,8/9/15,8/17/15,8/17/15
124,107,587,63292,791,164,64247,14148,50099,60,9,1037,62246,76394,8/11/15,8/18/15,8/18/15
818,694,435,4706,890,170,5766,770,4996,60,11,109,6557,7328,8/4/15,8/23/15,8/23/15
535,455,435,23081,902,171,24154,2779,21375,60,12,472,28332,31111,8/11/15,8/24/15,8/24/15
703,601,435,15222,1698,220,17140,1574,15566,60,12,345,20724,22299,7/28/15,8/25/15,8/25/15
208,182,560,2579,230,129,2938,724,2214,60,9,46,2775,3499,8/4/15,8/26/15,8/26/15
398,341,550,23405,1397,202,25004,3225,21778,60,8,440,26422,29647,8/21/15,8/27/15,8/27/15
266,229,528,18999,103,121,19223,2087,17136,60,8,350,20970,23057,8/17/15,8/27/15,8/27/15
851,721,796,4344,1197,189,5730,1214,4516,60,4,83,4967,6181,8/12/15,8/28/15,8/28/15
512,434,651,5529,961,174,6664,1318,5346,60,6,104,6234,7551,8/2/15,8/29/15,8/29/15
741,629,748,2675,616,153,3443,775,2669,60,5,50,2993,3768,8/4/15,8/31/15,8/31/15
756,642,736,7583,675,156,8414,1600,6814,60,5,128,7680,9281,8/8/15,8/31/15,8/31/15
368,317,527,8141,1595,214,9950,1853,8097,60,10,171,10258,12111,8/20/15,9/2/15,9/2/15
131,113,580,15516,1064,181,16761,3076,13685,60,9,284,17044,20120,8/15/15,9/3/15,9/3/15
467,398,552,58830,1535,210,60575,16558,44017,60,9,922,55313,71872,8/19/15,9/4/15,9/4/15
275,237,556,40345,496,145,40986,7954,33033,60,8,666,39983,47936,8/7/15,9/5/15,9/5/15
696,594,448,72000,441,142,72583,13573,59010,60,11,1278,76659,90232,8/6/15,9/5/15,9/5/15
894,757,746,11641,753,161,12555,2195,10361,60,5,194,11629,13824,8/15/15,9/6/15,9/6/15
724,617,742,1866,1630,216,3712,238,3474,60,5,65,3907,4145,9/2/15,9/8/15,9/8/15
518,439,559,6077,1127,185,7388,1749,5639,60,9,118,7071,8819,8/9/15,9/9/15,9/9/15
476,403,567,26457,98,120,26675,5289,21387,60,8,430,25783,31072,8/31/15,9/10/15,9/10/15
803,683,568,31015,734,160,31909,6751,25159,60,8,505,30310,37061,8/15/15,9/11/15,9/11/15
444,377,792,28344,1388,201,29933,5698,24235,60,4,445,26704,32402,8/23/15,9/12/15,9/12/15
850,722,752,32625,1676,219,34520,8002,26518,60,5,495,29697,37699,8/22/15,9/14/15,9/14/15
551,468,804,5121,1680,219,7021,975,6046,60,4,110,6629,7604,8/21/15,9/16/15,9/16/15
870,738,668,49242,1377,200,50819,12947,37873,60,6,731,43860,56806,9/7/15,9/16/15,9/16/15
186,160,536,1754,766,162,2682,399,2282,60,8,46,2785,3184,9/8/15,9/16/15,9/16/15
786,667,604,33625,595,151,34371,3964,30407,60,9,626,37571,41535,8/31/15,9/17/15,9/17/15
3,3,519,2328,860,168,3356,404,2952,60,10,62,3749,4153,9/9/15,9/17/15,9/17/15
97,82,472,22282,1845,230,24357,6073,18283,60,10,393,23571,29644,8/31/15,9/20/15,9/20/15
273,236,435,26622,1853,230,28705,4944,23761,60,12,524,31451,36395,9/15/15,9/22/15,9/22/15
82,70,747,24529,775,163,25467,3228,22239,60,5,416,24956,28183,9/14/15,9/29/15,9/29/15
277,238,471,30725,1291,195,32211,4535,27676,60,10,595,35686,40221,9/15/15,10/8/15,10/8/15
567,482,435,13115,304,133,13552,2990,10562,60,12,234,14056,17046,9/17/15,10/8/15,10/8/15
150,127,593,2351,418,140,2910,322,2587,60,7,51,3087,3410,9/13/15,10/11/15,10/11/15
4,4,556,16272,1130,185,17587,4876,12711,60,9,266,15955,20831,9/13/15,10/13/15,10/13/15
140,121,815,26826,1152,186,28164,6394,21770,60,3,396,23759,30153,9/27/15,10/15/15,10/15/15
562,479,515,4391,149,124,4663,702,3962,60,10,84,5038,5739,10/1/15,10/16/15,10/16/15
51,46,444,3378,562,149,4089,917,3172,60,11,69,4126,5043,10/1/15,10/17/15,10/17/15
719,612,839,19557,1066,181,20804,3118,17686,60,3,319,19113,22231,9/28/15,10/18/15,10/18/15
548,465,832,30081,1906,233,32220,5675,26545,60,3,479,28769,34444,10/11/15,10/21/15,10/21/15
205,179,820,16960,1923,234,19117,2651,16466,60,3,299,17937,20589,9/23/15,10/24/15,10/24/15
70,60,717,5058,241,129,5428,1390,4038,60,5,76,4586,5976,10/15/15,10/24/15,10/24/15
241,208,784,5395,189,126,5710,705,5006,60,4,92,5534,6239,10/19/15,10/28/15,10/28/15
974,827,609,32154,539,148,32841,5071,27770,60,7,549,32929,38000,9/30/15,10/28/15,10/28/15
723,618,485,29872,1325,197,31394,7930,23464,60,10,502,30127,38057,10/22/15,10/28/15,10/28/15
727,620,583,37309,1276,194,38779,3752,35027,60,9,726,43576,47329,10/8/15,10/31/15,10/31/15
156,134,792,5606,1051,180,6837,769,6068,60,4,111,6687,7456,10/17/15,11/1/15,11/1/15
151,130,780,6736,1346,198,8280,1289,6991,60,4,129,7741,9030,10/9/15,11/1/15,11/1/15
496,421,629,37017,981,176,38174,4604,33570,60,8,686,41154,45758,10/18/15,11/1/15,11/1/15
254,219,552,37571,1479,207,39257,9679,29578,60,8,598,35859,45538,10/10/15,11/1/15,11/1/15
320,275,534,33948,1796,227,35971,4817,31154,60,10,656,39379,44196,10/6/15,11/1/15,11/1/15
349,300,528,22017,1663,218,23898,5266,18632,60,8,380,22803,28069,10/19/15,11/2/15,11/2/15
242,209,555,2183,1248,192,3623,599,3024,60,9,63,3797,4396,10/30/15,11/4/15,11/4/15
884,750,815,32337,166,125,32628,5532,27096,60,4,493,29580,35112,10/27/15,11/5/15,11/5/15
852,723,732,43883,1191,189,45263,7467,37796,60,5,711,42659,50126,10/21/15,11/7/15,11/7/15
983,834,534,29530,1168,187,30885,8769,22116,60,10,466,27953,36722,10/7/15,11/7/15,11/7/15
992,842,781,30896,1581,213,32690,9203,23487,60,4,433,25988,35192,10/25/15,11/8/15,11/8/15
228,199,682,4875,795,164,5834,495,5339,60,6,102,6148,6643,11/1/15,11/8/15,11/8/15
53,48,606,30477,1267,193,31937,3524,28413,60,9,585,35090,38614,10/17/15,11/9/15,11/9/15
10,8,587,2428,121,122,2671,364,2307,60,7,46,2759,3123,10/22/15,11/10/15,11/10/15
202,177,536,8745,1020,178,9943,2395,7548,60,8,153,9209,11604,10/14/15,11/10/15,11/10/15
425,363,805,3711,1527,210,5447,481,4967,60,4,91,5444,5925,10/14/15,11/12/15,11/12/15
232,201,771,65395,1579,213,67187,9115,58072,60,4,1075,64528,73643,11/1/15,11/16/15,11/16/15
933,790,769,26238,885,170,27293,2823,24470,60,4,454,27210,30033,11/10/15,11/17/15,11/17/15
895,760,564,18552,1081,182,19815,2185,17630,60,9,368,22070,24255,11/10/15,11/17/15,11/17/15
627,533,817,18735,1141,186,20062,2313,17748,60,3,323,19356,21670,11/5/15,11/20/15,11/20/15
46,40,758,1642,975,175,2792,267,2525,60,4,47,2821,3088,10/22/15,11/21/15,11/21/15
105,89,553,22843,1981,238,25062,4803,20259,60,9,424,25452,30255,11/11/15,11/21/15,11/21/15
523,444,627,33862,1199,189,35250,3929,31322,60,7,614,36865,40793,10/29/15,11/24/15,11/24/15
609,518,537,30254,1369,200,31823,6511,25312,60,10,533,31965,38476,11/4/15,11/24/15,11/24/15
885,751,778,3821,90,120,4031,442,3588,60,4,66,3976,4419,11/1/15,11/26/15,11/26/15
611,518,545,25817,1497,208,27522,4807,22715,60,9,477,28605,33411,11/6/15,11/27/15,11/27/15
195,169,481,34298,891,170,35359,8545,26813,60,10,574,34468,43013,11/22/15,11/27/15,11/27/15
163,139,435,5859,1056,180,7095,831,6264,60,12,138,8272,9102,10/28/15,11/28/15,11/28/15
347,298,435,19488,928,172,20588,5171,15417,60,12,340,20371,25542,11/18/15,11/29/15,11/29/15
859,728,829,17655,1540,211,19406,3110,16295,60,3,295,17684,20794,11/3/15,11/30/15,11/30/15
137,118,568,5001,1862,231,7094,840,6253,60,9,130,7818,8658,10/31/15,12/1/15,12/1/15
817,693,840,9746,947,173,10866,2563,8303,60,3,149,8970,11533,11/25/15,12/2/15,12/2/15
263,226,530,35103,663,156,35922,9070,26852,60,8,547,32833,41902,11/11/15,12/3/15,12/3/15
412,353,757,22193,1729,222,24144,2402,21743,60,4,405,24297,26699,11/23/15,12/5/15,12/5/15
690,587,452,15644,1348,199,17191,4153,13037,60,11,282,16914,21067,11/16/15,12/6/15,12/6/15
431,368,528,17524,639,154,18317,4580,13737,60,8,280,16812,21392,11/18/15,12/7/15,12/7/15
610,518,485,4725,740,161,5626,1146,4480,60,10,96,5752,6898,12/1/15,12/9/15,12/9/15
731,623,601,35570,848,167,36585,10402,26183,60,9,540,32382,42784,11/11/15,12/11/15,12/11/15
481,408,442,18867,1372,200,20439,2896,17543,60,11,381,22834,25730,11/24/15,12/11/15,12/11/15
926,787,661,4021,1243,192,5456,646,4810,60,6,93,5586,6232,11/17/15,12/16/15,12/16/15
896,758,435,4249,814,165,5228,600,4627,60,12,102,6132,6733,11/27/15,12/16/15,12/16/15
923,784,509,3845,671,156,4672,704,3968,60,10,84,5055,5759,11/30/15,12/18/15,12/18/15
155,132,438,8515,230,129,8874,2447,6427,60,11,140,8374,10821,12/10/15,12/19/15,12/19/15
335,286,583,7506,763,162,8431,1180,7251,60,7,145,8686,9866,11/28/15,12/20/15,12/20/15
711,606,668,32563,1636,217,34416,8928,25487,60,6,492,29519,38447,12/6/15,12/23/15,12/23/15
133,114,529,31115,14,115,31244,8132,23112,60,8,471,28273,36405,12/10/15,12/24/15,12/24/15
215,187,722,7336,1297,195,8829,1691,7137,60,5,135,8088,9779,12/3/15,12/29/15,12/29/15
274,236,620,17910,1520,209,19639,3682,15957,60,8,327,19615,23297,12/17/15,12/29/15,12/29/15
65,57,441,4156,1183,188,5527,821,4706,60,11,102,6127,6948,12/22/15,12/29/15,12/29/15
468,398,529,8843,16,115,8974,2159,6815,60,10,144,8627,10786,12/13/15,12/31/15,12/31/15
541,460,644,15627,320,134,16081,3575,12506,60,6,244,14625,18200,12/3/15,1/1/16,1/1/16
484,411,493,39601,180,126,39907,7564,32343,60,10,690,41418,48982,12/25/15,1/1/16,1/1/16
233,201,797,3259,496,145,3900,711,3189,60,4,58,3506,4217,12/31/15,1/6/16,1/6/16
482,409,476,27363,1484,207,29054,4572,24482,60,10,525,31519,36090,12/27/15,1/6/16,1/6/16
194,170,435,6095,1821,228,8144,769,7375,60,11,161,9679,10447,12/10/15,1/6/16,1/6/16
847,718,445,32078,1276,194,33548,8124,25424,60,11,551,33061,41185,12/30/15,1/7/16,1/7/16
805,684,779,33795,1843,229,35867,4127,31740,60,4,586,35150,39277,12/16/15,1/9/16,1/9/16
345,296,772,29226,1587,213,31026,5445,25581,60,4,473,28410,33855,12/24/15,1/9/16,1/9/16
311,268,577,29540,400,139,30079,5661,24419,60,9,507,30438,36099,12/18/15,1/9/16,1/9/16
646,549,648,33128,1458,205,34791,9827,24964,60,6,486,29147,38974,12/15/15,1/10/16,1/10/16
596,508,465,22227,369,137,22733,3272,19461,60,11,419,25146,28418,1/1/16,1/11/16,1/11/16
765,650,435,4299,1571,212,6082,1212,4870,60,11,107,6426,7638,12/20/15,1/12/16,1/12/16
359,309,800,4439,53,118,4609,507,4103,60,4,75,4506,5013,12/23/15,1/14/16,1/14/16
388,333,435,4722,1438,204,6364,1173,5190,60,11,113,6808,7981,12/26/15,1/14/16,1/14/16
565,481,645,35927,569,150,36646,6163,30483,60,6,594,35626,41789,12/31/15,1/15/16,1/15/16
279,240,803,29687,1830,229,31746,3322,28424,60,4,520,31180,34502,12/27/15,1/16/16,1/16/16
762,646,591,50049,191,126,50366,12615,37751,60,9,781,46842,59458,12/23/15,1/16/16,1/16/16
179,155,435,26447,1485,207,28139,7173,20966,60,11,457,27403,34576,12/24/15,1/16/16,1/16/16
28,23,745,6580,805,165,7550,1592,5958,60,5,112,6691,8284,1/10/16,1/18/16,1/18/16
16,14,435,2336,1396,202,3933,640,3293,60,11,72,4296,4936,1/1/16,1/18/16,1/18/16
171,147,435,15314,683,157,16154,2899,13255,60,12,292,17517,20416,1/2/16,1/19/16,1/19/16
766,651,823,22044,815,165,23024,6086,16938,60,3,307,18430,24516,12/29/15,1/23/16,1/23/16
460,393,760,6086,1042,179,7307,759,6548,60,4,122,7310,8069,1/1/16,1/23/16,1/23/16
792,673,574,24999,1237,192,26428,2525,23902,60,7,479,28730,31255,1/16/16,1/23/16,1/23/16
374,322,686,3644,1675,219,5538,620,4917,60,6,94,5655,6275,1/10/16,1/24/16,1/24/16
48,42,529,28037,189,126,28352,7684,20668,60,8,422,25290,32974,1/8/16,1/24/16,1/24/16
823,699,752,28686,347,136,29169,7531,21637,60,5,404,24228,31760,12/25/15,1/25/16,1/25/16
434,370,743,39527,345,136,40008,9434,30574,60,5,573,34365,43799,1/16/16,1/25/16,1/25/16
909,770,638,33014,568,150,33732,6800,26931,60,6,526,31566,38366,12/29/15,1/25/16,1/25/16
366,314,435,2268,459,143,2870,606,2264,60,12,50,3012,3618,1/18/16,1/25/16,1/25/16
586,499,435,38799,876,169,39844,5932,33912,60,12,751,45032,50965,1/6/16,1/25/16,1/25/16
235,204,591,44850,1671,219,46740,13092,33648,60,7,670,40184,53276,1/11/16,1/26/16,1/26/16
379,326,541,59777,1663,218,61658,16852,44806,60,10,942,56505,73357,12/31/15,1/26/16,1/26/16
971,823,510,37932,1014,178,39124,9775,29349,60,10,623,37382,47156,12/30/15,1/26/16,1/26/16
409,350,819,5550,1919,234,7703,887,6816,60,3,124,7428,8315,12/28/15,1/27/16,1/27/16
510,433,841,28126,1686,220,30032,5739,24293,60,3,437,26234,31973,1/6/16,1/29/16,1/29/16
876,744,750,40529,1827,228,42584,11679,30906,60,5,577,34641,46320,1/21/16,1/29/16,1/29/16
902,765,751,7980,894,170,9044,906,8138,60,5,152,9116,10022,1/10/16,1/30/16,1/30/16
167,142,448,3058,406,140,3604,538,3066,60,11,66,3983,4521,1/2/16,1/30/16,1/30/16
953,809,834,25972,1976,238,28186,4915,23271,60,3,420,25209,30125,1/23/16,1/31/16,1/31/16
474,400,730,3683,1069,181,4933,607,4326,60,5,81,4887,5494,1/21/16,1/31/16,1/31/16
745,632,729,15955,1524,210,17689,3434,14255,60,5,268,16108,19542,1/20/16,2/1/16,2/1/16
819,695,833,15108,1507,208,16823,2436,14387,60,3,260,15592,18028,1/28/16,2/2/16,2/2/16
612,519,818,42007,116,122,42245,11123,31122,60,3,566,33932,45055,1/10/16,2/3/16,2/3/16
714,608,578,51938,1600,214,53752,5255,48497,60,9,1007,60427,65683,1/18/16,2/3/16,2/3/16
172,150,838,51737,1570,212,53519,10759,42760,60,3,771,46233,56992,1/22/16,2/4/16,2/4/16
998,848,806,2260,1853,230,4343,395,3948,60,4,72,4325,4720,1/9/16,2/5/16,2/5/16
968,822,793,30715,255,130,31100,4671,26429,60,4,485,29111,33781,1/8/16,2/5/16,2/5/16
613,520,540,2664,89,120,2873,499,2374,60,8,48,2892,3391,1/27/16,2/5/16,2/5/16
649,551,802,20950,854,168,21972,4722,17250,60,4,315,18926,23648,1/28/16,2/7/16,2/7/16
309,265,781,30782,202,127,31111,7722,23389,60,4,431,25881,33603,1/8/16,2/7/16,2/7/16
293,253,551,4521,696,158,5375,883,4493,60,9,94,5647,6530,1/14/16,2/7/16,2/7/16
773,655,550,30255,1213,190,31658,8103,23555,60,9,494,29618,37721,1/26/16,2/7/16,2/7/16
583,496,777,38626,1126,185,39937,6438,33499,60,4,619,37139,43577,1/14/16,2/8/16,2/8/16
265,227,562,33871,1998,239,36108,9744,26365,60,9,550,33027,42771,1/15/16,2/13/16,2/13/16
251,217,733,63188,1282,194,64664,15017,49648,60,5,934,56012,71029,2/5/16,2/15/16,2/15/16
740,629,737,19372,114,121,19607,2035,17573,60,5,330,19798,21833,2/12/16,2/17/16,2/17/16
651,552,549,6187,1997,239,8423,1042,7381,60,9,155,9285,10328,2/6/16,2/17/16,2/17/16
619,526,837,32111,1664,218,33993,8683,25310,60,3,456,27383,36066,2/11/16,2/18/16,2/18/16
351,302,609,12918,337,135,13390,2269,11122,60,9,229,13719,15988,1/22/16,2/19/16,2/19/16
625,530,435,19657,801,164,20622,4884,15739,60,12,349,20949,25833,1/31/16,2/19/16,2/19/16
685,584,761,38686,441,142,39269,6827,32442,60,4,603,36194,43021,2/15/16,2/21/16,2/21/16
772,657,843,28033,36,117,28186,2886,25300,60,3,455,27298,30184,1/26/16,2/22/16,2/22/16
841,713,501,27891,1032,179,29102,7581,21520,60,10,458,27491,35072,1/24/16,2/22/16,2/22/16
52,45,592,14297,957,174,15428,3662,11766,60,7,234,14043,17705,2/7/16,2/24/16,2/24/16
247,214,435,5213,632,154,5999,622,5377,60,12,119,7129,7751,2/2/16,2/27/16,2/27/16
76,65,627,32723,91,120,32934,4266,28668,60,8,586,35165,39431,2/11/16,2/28/16,2/28/16
489,415,538,45672,1139,185,46996,13108,33889,60,8,688,41307,54415,2/3/16,2/28/16,2/28/16
758,643,728,4316,1417,203,5936,907,5029,60,5,95,5687,6594,2/18/16,3/1/16,3/1/16
934,794,574,35514,1699,220,37433,8784,28650,60,7,574,34443,43227,1/31/16,3/1/16,3/1/16
594,506,751,31754,1843,229,33826,7725,26101,60,5,487,29237,36962,2/16/16,3/3/16,3/3/16
245,213,543,27703,1981,238,29922,6602,23320,60,10,490,29394,35996,2/6/16,3/3/16,3/3/16
863,731,740,26471,1445,205,28121,3906,24214,60,5,454,27245,31151,2/13/16,3/4/16,3/4/16
521,441,842,8186,1416,203,9805,1771,8034,60,3,145,8675,10445,2/26/16,3/5/16,3/5/16
935,795,683,34192,1250,192,35634,4876,30758,60,6,590,35412,40288,2/4/16,3/6/16,3/6/16
830,705,435,5185,510,146,5842,618,5223,60,11,114,6826,7445,2/22/16,3/6/16,3/6/16
871,739,435,2525,934,173,3632,687,2945,60,12,65,3923,4610,2/11/16,3/6/16,3/6/16
599,510,438,21583,1129,185,22897,5926,16971,60,11,369,22119,28045,2/22/16,3/8/16,3/8/16
576,491,836,24121,263,131,24515,3410,21105,60,3,381,22843,26253,2/8/16,3/9/16,3/9/16
437,372,739,6333,469,144,6945,1622,5323,60,5,100,5993,7615,3/2/16,3/9/16,3/9/16
807,685,455,26222,850,167,27239,6087,21152,60,11,457,27419,33506,3/4/16,3/9/16,3/9/16
41,35,749,28143,1082,182,29407,4779,24628,60,5,460,27614,32393,2/21/16,3/10/16,3/10/16
329,282,769,8777,1349,199,10325,1709,8616,60,4,160,9583,11292,2/10/16,3/11/16,3/11/16
668,568,834,18763,1635,216,20614,3546,17068,60,3,308,18483,22029,3/2/16,3/12/16,3/12/16
6,5,535,13455,1095,183,14733,2955,11778,60,8,240,14378,17332,3/1/16,3/14/16,3/14/16
664,564,790,27247,1836,229,29312,3722,25590,60,4,470,28224,31945,3/1/16,3/15/16,3/15/16
134,115,739,30008,473,144,30625,7061,23564,60,5,442,26528,33589,2/21/16,3/15/16,3/15/16
864,733,831,36799,1850,230,38879,4868,34011,60,3,615,36883,41751,2/15/16,3/16/16,3/16/16
857,727,764,17900,1277,194,19371,3747,15624,60,4,290,17410,21157,2/21/16,3/16/16,3/16/16
264,228,691,48147,1671,219,50037,8014,42023,60,6,804,48226,56240,2/27/16,3/16/16,3/16/16
671,570,435,31930,1217,190,33337,3285,30052,60,11,655,39314,42599,2/28/16,3/16/16,3/16/16
729,622,536,23095,747,161,24003,6213,17790,60,10,375,22473,28685,3/10/16,3/17/16,3/17/16
36,32,472,35622,1150,186,36958,10485,26473,60,10,569,34132,44617,2/23/16,3/17/16,3/17/16
615,522,467,23379,753,161,24293,4027,20266,60,11,436,26171,30199,2/22/16,3/17/16,3/17/16
308,264,699,39165,1462,206,40833,4246,36586,60,5,698,41860,46106,2/20/16,3/18/16,3/18/16
278,239,706,2487,1533,210,4231,397,3833,60,5,73,4373,4770,3/11/16,3/22/16,3/22/16
24,21,551,3558,343,136,4036,410,3626,60,8,73,4399,4809,3/9/16,3/22/16,3/22/16
801,681,435,4156,1819,228,6203,866,5336,60,11,117,6991,7857,3/2/16,3/22/16,3/22/16
272,235,600,34204,1136,185,35525,5994,29532,60,9,609,36540,42534,3/12/16,3/24/16,3/24/16
987,838,457,22908,460,143,23511,2877,20634,60,11,445,26726,29603,3/12/16,3/25/16,3/25/16
642,545,553,35432,1986,238,37656,4881,32776,60,8,662,39718,44599,3/2/16,3/26/16,3/26/16
769,653,501,35293,1687,220,37200,6053,31146,60,10,663,39787,45840,3/12/16,3/27/16,3/27/16
644,547,757,29474,153,124,29751,4094,25657,60,4,478,28676,32770,3/18/16,3/28/16,3/28/16
356,306,532,5029,472,144,5645,1320,4325,60,10,91,5471,6790,3/9/16,3/28/16,3/28/16
249,215,813,27425,972,175,28572,3226,25346,60,4,461,27685,30911,3/3/16,3/29/16,3/29/16
691,589,435,38335,1039,179,39553,7242,32311,60,11,704,42245,49487,3/11/16,3/29/16,3/29/16
445,378,520,36259,562,149,36970,5802,31168,60,10,660,39573,45375,3/13/16,3/30/16,3/30/16
973,825,827,9334,1496,208,11038,1393,9645,60,3,175,10474,11867,3/13/16,3/31/16,3/31/16
914,776,581,8351,1339,198,9888,1521,8367,60,9,174,10416,11937,3/8/16,3/31/16,3/31/16
238,206,551,19621,1432,204,21257,3553,17704,60,8,358,21475,25028,3/16/16,3/31/16,3/31/16
546,463,435,4994,653,155,5802,1290,4512,60,12,100,5992,7282,3/11/16,4/2/16,4/2/16
936,795,705,21543,1682,219,23444,4826,18618,60,5,354,21246,26072,3/21/16,4/3/16,4/3/16
861,730,660,3755,1188,189,5131,857,4274,60,6,83,4967,5824,3/11/16,4/3/16,4/3/16
845,716,725,34542,491,145,35178,5066,30112,60,5,568,34082,39148,3/16/16,4/4/16,4/4/16
793,674,539,38466,1598,214,40278,4207,36071,60,8,733,43961,48168,3/18/16,4/4/16,4/4/16
197,172,487,3744,1712,221,5677,425,5252,60,10,112,6738,7163,3/27/16,4/4/16,4/4/16
763,648,435,28912,176,125,29213,3112,26101,60,12,577,34612,37725,3/21/16,4/4/16,4/4/16
635,540,473,31031,1212,190,32433,3243,29190,60,10,627,37619,40862,3/16/16,4/6/16,4/6/16
916,779,475,30963,933,173,32069,8946,23123,60,10,496,29785,38730,3/25/16,4/7/16,4/7/16
921,783,833,26072,684,157,26913,5409,21504,60,3,388,23299,28707,3/17/16,4/8/16,4/8/16
447,380,771,11800,1799,227,13826,3268,10558,60,4,196,11733,15001,4/1/16,4/8/16,4/8/16
568,483,731,39500,1715,221,41436,4073,37363,60,5,703,42193,46266,3/14/16,4/9/16,4/9/16
943,801,675,30493,1328,197,32018,8893,23125,60,6,445,26707,35600,3/21/16,4/9/16,4/9/16
433,369,601,7801,1577,213,9591,1885,7706,60,7,153,9165,11050,3/24/16,4/9/16,4/9/16
193,168,554,2104,687,157,2948,587,2362,60,8,48,2862,3448,3/10/16,4/9/16,4/9/16
633,539,505,8554,896,170,9620,1711,7910,60,10,168,10090,11800,3/28/16,4/9/16,4/9/16
104,88,662,3510,201,127,3838,916,2922,60,6,57,3392,4308,3/30/16,4/10/16,4/10/16
674,575,530,9785,521,147,10453,2764,7689,60,10,162,9730,12494,3/12/16,4/10/16,4/10/16
505,428,752,29004,1687,220,30911,4781,26129,60,5,488,29258,34039,4/1/16,4/11/16,4/11/16
720,615,659,31677,685,157,32519,6368,26151,60,6,507,30392,36760,3/13/16,4/11/16,4/11/16
20,17,537,2811,396,139,3346,564,2782,60,8,57,3392,3956,3/20/16,4/11/16,4/11/16
375,324,525,33524,1060,181,34765,8126,26639,60,10,563,33762,41888,3/23/16,4/12/16,4/12/16
947,804,450,32899,1396,202,34497,4020,30477,60,11,659,39568,43587,3/15/16,4/13/16,4/13/16
728,623,435,5104,34,116,5254,800,4454,60,12,98,5889,6689,4/3/16,4/13/16,4/13/16
948,805,472,6183,1589,214,7985,1151,6835,60,10,147,8811,9962,3/28/16,4/14/16,4/14/16
624,531,529,45487,1438,204,47129,11987,35142,60,8,717,42997,54984,4/9/16,4/15/16,4/15/16
945,803,459,36500,1119,184,37803,10144,27660,60,11,597,35808,45952,3/27/16,4/15/16,4/15/16
713,608,439,2268,1858,230,4356,254,4103,60,11,89,5345,5599,4/2/16,4/16/16,4/16/16
616,523,712,19683,1416,203,21302,4020,17282,60,5,328,19664,23684,3/25/16,4/17/16,4/17/16
657,557,446,29873,93,120,30086,4352,25734,60,11,557,33450,37802,3/31/16,4/17/16,4/17/16
706,603,435,29581,1952,236,31769,7382,24387,60,12,539,32320,39702,4/8/16,4/18/16,4/18/16
779,663,800,43686,216,128,44030,12596,31433,60,4,575,34524,47121,4/6/16,4/19/16,4/19/16
775,659,603,4701,1392,201,6294,497,5797,60,7,115,6889,7387,4/2/16,4/19/16,4/19/16
963,816,435,30922,667,156,31745,5710,26035,60,11,572,34337,40047,3/25/16,4/20/16,4/20/16
928,791,686,28408,1236,192,29836,7542,22294,60,6,427,25631,33173,4/5/16,4/21/16,4/21/16
160,137,615,67516,1863,231,69610,17764,51845,60,9,1064,63845,81609,4/7/16,4/22/16,4/22/16
898,761,650,2881,1683,219,4783,400,4383,60,6,85,5113,5512,3/27/16,4/23/16,4/23/16
848,717,807,47809,912,171,48892,9976,38916,60,4,710,42614,52590,3/30/16,4/24/16,4/24/16
138,119,544,4568,520,147,5235,633,4602,60,9,97,5798,6431,4/8/16,4/24/16,4/24/16
718,613,831,18460,1579,213,20252,3155,17097,60,3,309,18538,21693,4/3/16,4/25/16,4/25/16
15,13,491,30498,87,120,30705,3126,27579,60,10,589,35345,38471,3/29/16,4/26/16,4/26/16
911,773,828,3613,1214,190,5017,618,4399,60,3,80,4776,5394,4/21/16,4/27/16,4/27/16
43,38,799,23281,1499,208,24988,4090,20898,60,4,383,22955,27045,4/1/16,4/28/16,4/28/16
868,736,741,32110,1365,200,33675,9069,24605,60,5,461,27680,36750,4/18/16,4/30/16,4/30/16
637,541,547,7641,252,130,8023,1834,6189,60,9,130,7791,9625,4/2/16,4/30/16,4/30/16
491,417,439,4449,1470,206,6125,835,5290,60,11,115,6893,7728,4/16/16,4/30/16,4/30/16
577,488,550,4926,443,142,5511,1160,4351,60,8,88,5281,6441,4/26/16,5/1/16,5/1/16
537,456,487,27260,1848,230,29338,7640,21698,60,10,464,27841,35481,4/20/16,5/3/16,5/3/16
386,332,826,5657,403,139,6199,1668,4530,60,3,82,4924,6592,4/10/16,5/4/16,5/4/16
384,330,455,32449,207,127,32783,6014,26769,60,11,578,34696,40710,4/11/16,5/5/16,5/5/16
298,256,642,35990,1661,218,37869,5551,32318,60,6,630,37814,43365,4/8/16,5/7/16,5/7/16
260,224,525,42971,1842,229,45042,11692,33350,60,10,705,42274,53966,4/13/16,5/8/16,5/8/16
662,563,568,4447,217,128,4792,562,4231,60,9,88,5289,5851,4/17/16,5/9/16,5/9/16
761,647,750,6720,738,160,7618,1716,5902,60,5,110,6616,8332,4/27/16,5/10/16,5/10/16
536,454,741,27927,1529,210,29666,4901,24764,60,5,464,27851,32752,4/10/16,5/11/16,5/11/16
1,2,726,10129,452,143,10724,1393,9330,60,5,176,10559,11952,4/16/16,5/12/16,5/12/16
660,561,622,44828,463,143,45434,9183,36251,60,8,742,44529,53712,5/6/16,5/12/16,5/12/16
330,283,520,25278,1459,205,26942,5941,21002,60,10,444,26660,32601,4/21/16,5/12/16,5/12/16
89,75,497,25834,1895,233,27962,7741,20221,60,10,431,25866,33606,4/27/16,5/13/16,5/13/16
440,375,826,56698,749,161,57608,7982,49626,60,3,899,53931,61913,5/4/16,5/15/16,5/15/16
385,331,592,58057,1154,186,59397,6022,53376,60,9,1104,66224,72246,4/23/16,5/15/16,5/15/16
175,151,766,11593,960,174,12727,1337,11391,60,4,211,12681,14018,4/20/16,5/16/16,5/16/16
471,399,687,22437,157,124,22718,5692,17027,60,6,326,19568,25259,4/22/16,5/16/16,5/16/16
117,100,581,7957,863,168,8988,1187,7801,60,7,156,9351,10538,5/9/16,5/17/16,5/17/16
198,173,435,4316,295,133,4744,902,3842,60,12,85,5079,5981,5/7/16,5/17/16,5/17/16
652,552,435,25835,1308,196,27339,6075,21264,60,11,467,28035,34111,4/27/16,5/17/16,5/17/16
910,772,579,48930,504,146,49580,13188,36392,60,9,756,45340,58528,4/24/16,5/18/16,5/18/16
925,786,640,28490,1852,230,30572,6626,23946,60,6,467,28044,34670,5/7/16,5/19/16,5/19/16
701,598,456,2573,1687,220,4480,347,4133,60,11,89,5355,5702,5/15/16,5/20/16,5/20/16
883,749,826,35233,1205,190,36628,4545,32083,60,3,581,34862,39407,4/23/16,5/21/16,5/21/16
638,542,581,51029,580,151,51760,5498,46261,60,9,960,57589,63087,5/8/16,5/21/16,5/21/16
725,619,806,9030,1921,234,11185,1751,9434,60,4,172,10336,12088,5/4/16,5/24/16,5/24/16
290,251,726,27365,641,154,28160,2820,25340,60,5,478,28679,31499,5/16/16,5/24/16,5/24/16
875,745,620,31081,776,163,32020,4110,27910,60,8,572,34310,38420,4/26/16,5/26/16,5/26/16
360,310,589,5016,1093,183,6292,874,5417,60,9,112,6726,7601,4/25/16,5/26/16,5/26/16
71,61,538,31812,1321,197,33330,8432,24898,60,10,524,31426,39857,4/26/16,5/26/16,5/26/16
912,774,689,59143,1531,210,60884,7549,53334,60,6,1021,61258,68807,5/11/16,5/27/16,5/27/16
287,248,612,43585,698,158,44441,8254,36187,60,9,743,44601,52855,5/11/16,5/27/16,5/27/16
176,153,462,34030,612,153,34795,7009,27786,60,11,599,35937,42946,5/4/16,5/27/16,5/27/16
285,246,553,14335,951,174,15460,2715,12745,60,9,267,16010,18725,5/3/16,5/28/16,5/28/16
98,83,545,3161,379,138,3677,358,3319,60,9,70,4180,4538,5/23/16,5/29/16,5/29/16
730,623,503,29217,726,160,30103,3949,26153,60,10,556,33389,37338,5/5/16,5/29/16,5/29/16
705,602,441,27287,1500,208,28995,6429,22566,60,11,490,29376,35805,5/20/16,5/29/16,5/29/16
670,572,738,2896,356,137,3388,421,2967,60,5,56,3342,3763,5/10/16,6/6/16,6/6/16
815,690,460,34979,1122,184,36285,5220,31066,60,11,670,40204,45424,5/12/16,6/6/16,6/6/16
421,359,435,42847,397,139,43383,5040,38343,60,11,839,50346,55387,5/10/16,6/8/16,6/8/16
768,653,624,46111,95,120,46326,6751,39575,60,8,810,48589,55340,5/28/16,6/9/16,6/9/16
827,703,842,18858,1065,181,20104,5593,14511,60,3,261,15667,21260,5/27/16,6/10/16,6/10/16
680,580,585,6867,1327,197,8391,1201,7190,60,9,149,8941,10142,5/25/16,6/10/16,6/10/16
372,321,524,4153,1203,189,5545,688,4858,60,10,103,6159,6847,5/26/16,6/10/16,6/10/16
365,315,744,36438,623,153,37214,5665,31549,60,5,591,35441,41107,5/25/16,6/12/16,6/12/16
392,336,624,36814,627,153,37594,6993,30602,60,8,626,37568,44561,5/20/16,6/12/16,6/12/16
962,815,435,66793,1431,204,68428,8745,59683,60,12,1325,79486,88231,6/2/16,6/12/16,6/12/16
432,369,636,2863,1056,180,4099,694,3405,60,6,67,3993,4688,5/29/16,6/13/16,6/13/16
820,696,789,43490,1588,214,45292,6922,38369,60,4,706,42332,49255,5/24/16,6/16/16,6/16/16
405,346,676,4560,98,120,4779,1306,3472,60,6,67,4009,5316,6/6/16,6/17/16,6/17/16
995,845,581,21311,389,139,21839,5390,16448,60,9,341,20476,25867,6/10/16,6/17/16,6/17/16
451,384,819,4432,860,168,5460,1057,4403,60,3,80,4798,5855,6/5/16,6/20/16,6/20/16
640,543,548,2763,908,171,3842,777,3066,60,8,62,3723,4500,5/28/16,6/20/16,6/20/16
991,841,438,53621,1300,196,55117,8642,46475,60,11,1009,60558,69200,5/20/16,6/20/16,6/20/16
658,559,810,6027,689,157,6874,623,6250,60,4,114,6835,7459,6/6/16,6/21/16,6/21/16
704,600,740,6228,957,174,7359,1025,6334,60,5,119,7129,8154,5/28/16,6/21/16,6/21/16
196,171,474,24038,1714,221,25973,6081,19893,60,10,427,25630,31710,6/1/16,6/22/16,6/22/16
224,195,701,26977,1597,214,28788,3311,25477,60,5,485,29124,32435,5/31/16,6/23/16,6/23/16
733,624,824,34408,840,167,35415,4920,30495,60,3,553,33170,38090,5/25/16,6/24/16,6/24/16
214,186,813,44072,524,147,44743,13004,31739,60,4,578,34667,47670,6/2/16,6/24/16,6/24/16
966,819,544,36170,775,163,37108,9460,27648,60,9,581,34837,44297,6/12/16,6/24/16,6/24/16
62,55,477,4466,1145,186,5797,979,4818,60,10,103,6202,7181,6/11/16,6/24/16,6/24/16
419,358,721,47051,1603,214,48868,11284,37585,60,5,710,42620,53904,6/19/16,6/25/16,6/25/16
951,807,739,5493,1282,194,6969,1250,5719,60,5,107,6437,7687,5/30/16,6/27/16,6/27/16
913,775,845,66289,1092,183,67564,11599,55965,60,3,1006,60352,71951,6/15/16,6/29/16,6/29/16
812,689,833,16084,1392,201,17677,2368,15310,60,3,276,16586,18953,6/2/16,6/29/16,6/29/16
85,73,832,27415,995,176,28586,4148,24438,60,3,442,26494,30642,6/24/16,6/29/16,6/29/16
843,713,570,55334,205,127,55666,15924,39742,60,9,828,49651,65575,5/29/16,6/29/16,6/29/16
661,561,535,3295,1227,191,4713,476,4237,60,8,86,5170,5646,6/23/16,6/29/16,6/29/16
400,342,534,4075,253,130,4458,558,3900,60,8,79,4763,5321,6/1/16,6/29/16,6/29/16
106,90,438,4128,587,151,4865,887,3978,60,11,86,5184,6072,6/20/16,6/29/16,6/29/16
401,342,451,5401,1250,192,6844,1007,5836,60,11,126,7575,8582,5/31/16,7/1/16,7/1/16
631,538,617,28973,1908,234,31115,8068,23046,60,8,473,28357,36425,6/20/16,7/2/16,7/2/16
487,414,540,31524,992,176,32692,7725,24967,60,8,507,30419,38144,6/3/16,7/3/16,7/3/16
136,117,435,18707,1880,232,20819,2990,17828,60,11,388,23255,26246,6/6/16,7/3/16,7/3/16
744,630,566,43850,1926,235,46011,6083,39928,60,9,832,49945,56028,6/22/16,7/4/16,7/4/16
315,271,435,38358,279,132,38769,6864,31905,60,11,694,41653,48517,6/18/16,7/4/16,7/4/16
530,450,528,17307,1841,229,19377,3362,16015,60,10,338,20282,23644,6/9/16,7/5/16,7/5/16
930,789,807,48874,79,119,49072,5469,43603,60,4,796,47757,53226,7/2/16,7/7/16,7/7/16
490,416,503,4798,190,126,5114,1183,3932,60,10,84,5019,6202,6/16/16,7/7/16,7/7/16
787,668,799,66315,1903,233,68451,19040,49412,60,4,905,54288,73328,6/23/16,7/8/16,7/8/16
981,833,497,5810,958,174,6942,919,6023,60,10,128,7704,8623,6/13/16,7/9/16,7/9/16
363,313,599,5763,143,123,6029,915,5114,60,7,101,6086,7001,7/2/16,7/11/16,7/11/16
190,165,586,16271,206,127,16604,3290,13315,60,9,276,16549,19838,7/4/16,7/12/16,7/12/16
684,582,807,2031,761,162,2954,422,2531,60,4,46,2772,3194,6/22/16,7/13/16,7/13/16
101,86,601,28087,729,160,28976,8132,20844,60,9,430,25779,33911,6/18/16,7/14/16,7/14/16
154,133,435,11803,1017,178,12998,3015,9983,60,12,220,13201,16216,6/15/16,7/16/16,7/16/16
459,391,831,3564,1019,178,4760,510,4250,60,3,77,4609,5119,7/5/16,7/17/16,7/17/16
746,633,552,36665,1649,217,38531,10619,27912,60,9,585,35076,45695,7/9/16,7/17/16,7/17/16
480,407,795,34369,279,132,34780,9511,25268,60,4,463,27804,37315,6/30/16,7/19/16,7/19/16
312,269,667,26220,766,162,27148,3555,23593,60,6,456,27337,30892,6/30/16,7/19/16,7/19/16
571,487,838,3818,1816,228,5862,464,5398,60,3,97,5839,6302,6/23/16,7/22/16,7/22/16
499,423,604,29095,1002,177,30274,2959,27315,60,9,563,33754,36713,7/5/16,7/22/16,7/22/16
524,445,451,44835,1062,181,46078,12178,33900,60,11,733,43991,56169,7/7/16,7/24/16,7/24/16
40,34,837,9120,474,144,9738,2652,7085,60,3,128,7665,10317,7/1/16,7/25/16,7/25/16
919,780,777,58878,1140,186,60204,14957,45247,60,4,836,50160,65117,7/20/16,7/29/16,7/29/16
143,122,575,4559,1086,182,5827,966,4861,60,9,101,6064,7029,7/1/16,7/30/16,7/30/16
420,359,513,38948,800,164,39912,4240,35672,60,10,757,45392,49632,7/1/16,7/30/16,7/30/16
435,371,839,3983,954,174,5111,706,4405,60,3,79,4762,5468,6/30/16,7/31/16,7/31/16
890,754,435,9991,38,117,10146,1868,8277,60,12,183,10970,12838,7/1/16,7/31/16,7/31/16
698,596,583,14843,159,124,15126,3467,11659,60,9,242,14505,17972,7/3/16,8/2/16,8/2/16
897,759,577,18642,1661,218,20521,4973,15548,60,7,311,18666,23639,7/30/16,8/4/16,8/4/16
592,504,567,2811,866,168,3846,561,3285,60,9,68,4108,4669,7/16/16,8/7/16,8/7/16
185,161,670,38739,880,169,39788,8570,31218,60,6,602,36129,44699,7/17/16,8/9/16,8/9/16
369,318,500,25695,397,139,26231,4656,21575,60,10,459,27563,32220,7/9/16,8/9/16,8/9/16
367,316,625,29094,1016,178,30288,6437,23851,60,8,488,29274,35711,7/18/16,8/10/16,8/10/16
415,356,579,66641,268,131,67040,8529,58511,60,9,1215,72889,81418,7/18/16,8/11/16,8/11/16
595,507,485,23133,1415,203,24751,4605,20145,60,10,431,25863,30468,7/30/16,8/11/16,8/11/16
428,365,456,11384,956,174,12514,2154,10360,60,11,224,13423,15578,7/14/16,8/11/16,8/11/16
135,116,743,34902,64,118,35084,8955,26129,60,5,489,29368,38323,7/15/16,8/12/16,8/12/16
452,386,807,33851,863,168,34882,5281,29601,60,4,540,32419,37700,8/8/16,8/13/16,8/13/16
286,247,796,6651,1104,183,7938,1324,6614,60,4,121,7274,8598,7/29/16,8/13/16,8/13/16
342,294,435,35482,1632,216,37330,6591,30740,60,12,679,40764,47355,7/16/16,8/13/16,8/13/16
555,472,618,47485,1012,178,48675,10637,38038,60,7,749,44939,55576,8/7/16,8/15/16,8/15/16
618,525,459,54144,1982,238,56364,11734,44630,60,11,963,57782,69516,7/22/16,8/15/16,8/15/16
757,644,814,9363,1892,233,11488,1676,9811,60,4,179,10715,12392,8/5/16,8/16/16,8/16/16
899,762,810,57060,475,144,57679,11770,45909,60,4,837,50207,61977,8/11/16,8/17/16,8/17/16
816,695,759,31472,1492,208,33172,5586,27586,60,4,513,30806,36392,7/26/16,8/17/16,8/17/16
291,252,614,37223,219,128,37570,7968,29602,60,9,608,36463,44431,7/21/16,8/17/16,8/17/16
686,585,691,38425,1631,216,40272,7559,32713,60,6,626,37537,45096,8/12/16,8/19/16,8/19/16
570,484,482,40370,837,167,41374,7750,33624,60,10,720,43208,50958,7/24/16,8/21/16,8/21/16
129,111,435,81721,1295,195,83211,9346,73865,60,12,1625,97507,106853,7/27/16,8/22/16,8/22/16
634,539,435,27413,379,138,27930,7326,20604,60,11,451,27079,34405,8/15/16,8/22/16,8/22/16
770,654,726,3216,662,156,4034,904,3130,60,5,59,3542,4446,8/17/16,8/23/16,8/23/16
891,757,820,28241,652,155,29048,6527,22521,60,3,409,24536,31063,7/24/16,8/24/16,8/24/16
716,611,435,4659,1865,231,6754,1361,5394,60,12,119,7139,8499,8/19/16,8/24/16,8/24/16
498,422,555,32041,17,115,32173,6877,25296,60,9,529,31759,38636,8/10/16,8/25/16,8/25/16
199,174,734,2131,742,161,3033,289,2744,60,5,52,3095,3384,8/10/16,8/26/16,8/26/16
500,424,845,58878,702,158,59738,9723,50015,60,3,899,53935,63658,8/17/16,8/27/16,8/27/16
255,220,745,51366,1758,224,53348,11073,42275,60,5,791,47470,58543,8/7/16,8/27/16,8/27/16
99,84,539,46249,1434,204,47887,9732,38155,60,8,775,46507,56239,8/1/16,8/27/16,8/27/16
323,278,599,2322,751,161,3234,493,2741,60,9,57,3393,3886,8/15/16,8/28/16,8/28/16
33,27,782,3580,1400,202,5182,557,4625,60,4,85,5116,5673,8/5/16,8/30/16,8/30/16
501,425,522,17133,1184,188,18505,5017,13488,60,10,285,17113,22130,8/16/16,8/30/16,8/30/16
244,211,520,3102,565,150,3816,813,3003,60,10,64,3813,4626,8/11/16,8/30/16,8/30/16
1000,850,819,31309,1838,229,33376,8104,25272,60,3,459,27545,35649,8/8/16,8/31/16,8/31/16
456,388,456,17013,878,169,18060,2773,15287,60,11,330,19811,22584,8/8/16,8/31/16,8/31/16
417,357,738,53202,1549,211,54962,10821,44141,60,5,828,49705,60525,8/13/16,9/1/16,9/1/16
942,801,611,15007,1704,221,16932,2898,14033,60,7,277,16628,19526,8/16/16,9/1/16,9/1/16
798,678,813,20136,1938,235,22309,5145,17164,60,4,313,18753,23898,8/25/16,9/2/16,9/2/16
867,735,768,38044,1856,230,40130,6831,33299,60,4,617,37044,43875,8/15/16,9/2/16,9/2/16
907,769,815,56183,732,160,57075,10302,46773,60,3,851,51049,61352,8/22/16,9/3/16,9/3/16
836,710,729,51186,1996,239,53421,8039,45382,60,5,855,51290,59330,8/20/16,9/3/16,9/3/16
566,481,591,38132,1365,200,39697,10091,29606,60,7,589,35347,45437,8/17/16,9/3/16,9/3/16
994,844,494,27781,1276,194,29251,7796,21455,60,10,458,27462,35258,8/25/16,9/4/16,9/4/16
986,837,620,47643,1747,223,49613,6310,43303,60,7,852,51115,57425,8/31/16,9/6/16,9/6/16
64,56,454,19848,166,125,20139,5415,14723,60,11,318,19090,24505,9/1/16,9/7/16,9/7/16
340,291,782,5331,1060,181,6572,588,5983,60,4,110,6619,7207,8/15/16,9/9/16,9/9/16
479,406,435,2554,1534,210,4298,667,3631,60,11,80,4782,5449,8/23/16,9/9/16,9/9/16
17,15,754,9546,1123,184,10853,1457,9396,60,5,175,10515,11972,8/27/16,9/10/16,9/10/16
222,194,521,3803,681,157,4641,575,4065,60,10,86,5160,5735,8/26/16,9/11/16,9/11/16
707,604,774,67030,956,174,68160,12592,55568,60,4,1028,61679,74271,8/26/16,9/12/16,9/12/16
184,159,818,51251,1337,198,52786,13147,39639,60,3,720,43209,56356,9/8/16,9/14/16,9/14/16
32,29,486,47211,502,146,47859,9083,38776,60,10,829,49764,58847,8/28/16,9/14/16,9/14/16
833,706,579,16630,1246,192,18068,4805,13263,60,9,275,16524,21329,9/7/16,9/15/16,9/15/16
529,449,729,28784,1890,232,30906,7295,23611,60,5,445,26686,33981,8/31/16,9/16/16,9/16/16
700,597,599,38051,851,167,39069,6400,32669,60,7,648,38894,45294,8/31/16,9/16/16,9/16/16
519,440,435,46263,1952,236,48451,6450,42001,60,12,930,55817,62267,8/21/16,9/16/16,9/16/16
695,593,596,3876,257,130,4263,692,3571,60,7,71,4256,4948,9/3/16,9/17/16,9/17/16
782,665,590,26551,1821,228,28600,7109,21491,60,7,428,25667,32776,9/7/16,9/17/16,9/17/16
887,752,829,18649,1881,232,20762,2668,18094,60,3,327,19634,22302,8/25/16,9/18/16,9/18/16
152,131,509,4945,1513,209,6667,585,6081,60,10,129,7748,8334,8/24/16,9/18/16,9/18/16
173,148,522,40996,1895,233,43124,7093,36030,60,10,762,45708,52801,8/23/16,9/19/16,9/19/16
394,338,435,71885,1991,239,74115,20895,53220,60,11,1170,70212,91106,9/4/16,9/19/16,9/19/16
381,328,824,28284,1122,184,29590,6985,22605,60,3,410,24585,31570,9/13/16,9/21/16,9/21/16
93,78,540,2563,1021,178,3762,347,3415,60,8,69,4159,4506,8/27/16,9/21/16,9/21/16
142,121,774,3942,1495,208,5645,1120,4525,60,4,84,5022,6142,9/5/16,9/22/16,9/22/16
158,135,546,5197,134,123,5454,958,4496,60,9,94,5660,6618,9/11/16,9/22/16,9/22/16
781,664,435,22115,872,169,23156,4141,19014,60,12,419,25124,29265,8/29/16,9/22/16,9/22/16
322,277,801,6396,1534,210,8140,1866,6274,60,4,115,6887,8753,9/18/16,9/23/16,9/23/16
726,621,573,38052,498,145,38695,7135,31561,60,9,657,39395,46530,9/1/16,9/23/16,9/23/16
677,578,785,6208,1123,184,7515,630,6885,60,4,127,7609,8239,8/27/16,9/24/16,9/24/16
116,99,690,6519,1725,222,8466,1541,6925,60,6,133,7951,9491,8/27/16,9/25/16,9/25/16
74,64,435,36890,1363,199,38452,6376,32077,60,11,701,42030,48406,9/17/16,9/26/16,9/26/16
406,347,487,4454,152,124,4729,1306,3423,60,10,73,4391,5698,9/22/16,9/27/16,9/27/16
218,190,843,21787,804,165,22756,4305,18451,60,3,332,19911,24216,9/11/16,9/28/16,9/28/16
483,410,811,12244,301,133,12678,2516,10162,60,4,185,11110,13626,8/31/16,9/28/16,9/28/16
169,145,673,5078,1219,190,6488,541,5946,60,6,115,6872,7414,9/18/16,9/28/16,9/28/16
655,555,542,29289,1266,193,30748,5204,25545,60,10,537,32204,37408,9/22/16,9/28/16,9/28/16
584,497,536,35393,1070,181,36644,7790,28854,60,8,587,35204,42994,8/28/16,9/28/16,9/28/16
608,517,598,39322,1974,238,41534,8585,32949,60,9,680,40791,49376,9/5/16,9/29/16,9/29/16
91,77,543,4390,1025,178,5593,994,4600,60,10,97,5797,6791,9/13/16,9/29/16,9/29/16
977,831,743,42846,739,160,43745,8204,35542,60,5,666,39944,48147,9/4/16,10/2/16,10/2/16
687,585,631,4686,768,162,5617,1149,4468,60,7,88,5252,6401,9/10/16,10/3/16,10/3/16
5,3,449,38059,1294,195,39548,8940,30609,60,11,662,39745,48685,9/10/16,10/3/16,10/3/16
378,328,759,28083,1256,193,29532,7523,22009,60,4,410,24571,32094,9/24/16,10/4/16,10/4/16
118,101,831,15064,1748,224,17036,4087,12948,60,3,234,14040,18127,9/16/16,10/5/16,10/5/16
457,390,435,31940,1504,208,33652,3476,30176,60,12,668,40102,43579,9/16/16,10/5/16,10/5/16
976,828,824,18952,731,160,19843,3775,16068,60,3,291,17471,21246,9/7/16,10/6/16,10/6/16
294,253,462,1191,1759,224,3175,250,2924,60,11,63,3782,4033,10/2/16,10/7/16,10/7/16
463,394,512,17086,1539,210,18835,4199,14636,60,10,311,18630,22829,9/9/16,10/8/16,10/8/16
797,677,809,42952,1256,193,44401,7126,37275,60,4,680,40781,47907,9/8/16,10/9/16,10/9/16
56,49,472,3407,831,166,4405,825,3579,60,10,77,4615,5440,9/25/16,10/9/16,10/9/16
835,710,819,2324,1238,192,3753,453,3300,60,3,60,3597,4050,9/14/16,10/10/16,10/10/16
858,727,762,56481,633,154,57268,11806,45462,60,4,845,50698,62504,10/1/16,10/10/16,10/10/16
905,767,590,65052,1024,178,66254,12142,54113,60,9,1120,67180,79322,9/17/16,10/10/16,10/10/16
984,836,791,28468,928,172,29568,5676,23892,60,4,439,26335,32011,9/22/16,10/11/16,10/11/16
361,311,732,2761,1634,216,4611,542,4069,60,5,77,4594,5136,9/23/16,10/11/16,10/11/16
520,442,797,29221,283,132,29636,6654,22982,60,4,421,25266,31920,9/30/16,10/13/16,10/13/16
454,387,797,28374,1409,202,29985,7615,22370,60,4,410,24601,32217,9/28/16,10/13/16,10/13/16
516,437,435,3127,1834,229,5190,513,4677,60,11,102,6137,6650,9/28/16,10/13/16,10/13/16
540,458,731,39279,684,157,40120,8792,31328,60,5,590,35381,44173,9/16/16,10/14/16,10/14/16
31,26,435,32199,955,174,33328,8495,24833,60,12,546,32787,41282,9/24/16,10/14/16,10/14/16
377,323,836,27898,452,143,28493,5187,23305,60,3,420,25221,30408,9/14/16,10/15/16,10/15/16
676,577,801,5316,1860,231,7406,1342,6064,60,4,111,6657,7998,9/21/16,10/16/16,10/16/16
931,793,808,8896,763,162,9821,1426,8395,60,4,153,9188,10614,9/20/16,10/18/16,10/18/16
341,292,755,6832,146,123,7101,984,6117,60,4,114,6841,7825,9/27/16,10/18/16,10/18/16
354,304,612,4772,1802,227,6801,923,5879,60,7,116,6962,7885,10/13/16,10/18/16,10/18/16
390,334,823,31547,1696,220,33463,3981,29483,60,3,535,32071,36052,9/26/16,10/20/16,10/20/16
316,272,473,13939,1860,231,16030,3810,12220,60,10,262,15749,19559,9/27/16,10/20/16,10/20/16
888,753,774,25876,1554,211,27641,4398,23243,60,4,430,25797,30195,10/8/16,10/21/16,10/21/16
237,204,723,22987,1529,210,24726,6142,18584,60,5,351,21054,27196,10/8/16,10/21/16,10/21/16
632,537,783,3840,1260,193,5293,506,4787,60,4,88,5294,5800,10/9/16,10/22/16,10/22/16
557,474,787,4391,1688,220,6299,476,5823,60,4,107,6429,6905,10/5/16,10/23/16,10/23/16
990,840,775,48876,1300,196,50372,14390,35981,60,4,665,39918,54308,10/9/16,10/25/16,10/25/16
422,360,679,32148,924,172,33244,3906,29338,60,6,564,33836,37742,10/13/16,10/25/16,10/25/16
100,85,440,26880,401,139,27420,6832,20588,60,11,447,26811,33643,10/9/16,10/25/16,10/25/16
203,178,435,1968,95,120,2183,483,1701,60,12,37,2249,2732,10/16/16,10/28/16,10/28/16
157,134,761,47181,1365,200,48746,9153,39593,60,4,736,44176,53329,10/11/16,10/29/16,10/29/16
790,670,739,23006,127,122,23255,2478,20777,60,5,390,23390,25869,10/18/16,10/29/16,10/29/16
497,422,544,15790,40,117,15947,3322,12625,60,9,265,15905,19227,10/17/16,10/29/16,10/29/16
165,141,744,15583,502,146,16231,2195,14035,60,5,263,15768,17963,10/4/16,10/30/16,10/30/16
283,244,582,20459,1636,217,22312,2480,19832,60,7,396,23767,26247,10/18/16,10/30/16,10/30/16
846,719,586,1290,1253,193,2735,216,2519,60,9,52,3132,3347,10/20/16,10/31/16,10/31/16
789,671,758,38033,1966,237,40236,7543,32693,60,4,609,36525,44069,10/6/16,11/1/16,11/1/16
872,740,507,16152,512,146,16810,4064,12746,60,10,271,16251,20315,10/26/16,11/1/16,11/1/16
622,529,498,30895,396,139,31430,8869,22561,60,10,481,28842,37712,10/10/16,11/1/16,11/1/16
509,431,451,52082,1350,199,53631,13190,40441,60,11,875,52479,65669,10/15/16,11/1/16,11/1/16
145,124,456,3969,1522,209,5700,1088,4612,60,11,100,5977,7065,10/17/16,11/2/16,11/2/16
210,183,435,46815,1678,219,48712,8946,39766,60,12,881,52862,61809,10/24/16,11/4/16,11/4/16
620,527,465,59429,1081,182,60692,17626,43066,60,11,927,55636,73262,10/5/16,11/5/16,11/5/16
39,33,590,72799,1584,213,74596,21393,53203,60,9,1101,66038,87431,10/17/16,11/6/16,11/6/16
289,250,508,58626,1782,226,60634,10210,50423,60,10,1071,64270,74480,10/28/16,11/7/16,11/7/16
694,592,502,3370,1,114,3485,541,2944,60,10,63,3759,4301,10/27/16,11/7/16,11/7/16
328,281,832,6237,1147,186,7570,1569,6001,60,3,108,6506,8074,10/13/16,11/8/16,11/8/16
259,223,576,3736,1248,192,5176,465,4711,60,9,98,5874,6338,10/8/16,11/8/16,11/8/16
50,44,491,1501,686,157,2344,250,2094,60,10,45,2683,2934,10/20/16,11/8/16,11/8/16
712,607,838,21383,1291,195,22869,5366,17503,60,3,315,18923,24289,10/21/16,11/9/16,11/9/16
623,529,583,30990,1774,225,32989,8884,24105,60,9,500,29989,38873,10/30/16,11/10/16,11/10/16
999,849,499,2716,708,159,3582,724,2858,60,10,61,3652,4377,10/19/16,11/12/16,11/12/16
648,550,794,47277,1109,184,48570,4783,43786,60,4,803,48203,52986,10/20/16,11/15/16,11/15/16
83,71,772,2647,1966,237,4850,298,4552,60,4,84,5057,5355,10/25/16,11/20/16,11/20/16
681,581,751,23387,143,123,23653,3337,20316,60,5,379,22757,26094,11/12/16,11/20/16,11/20/16
324,279,745,21394,1966,237,23597,5777,17820,60,5,333,20008,25785,10/31/16,11/20/16,11/20/16
178,154,598,47566,1246,192,49004,13152,35852,60,7,711,42687,55839,11/1/16,11/20/16,11/20/16
526,447,435,17616,1705,221,19542,5026,14516,60,12,322,19333,24358,10/26/16,11/22/16,11/22/16
114,98,785,28335,1568,212,30115,5645,24471,60,4,451,27043,32688,11/17/16,11/23/16,11/23/16
708,603,539,15658,1016,178,16852,2417,14435,60,8,293,17593,20010,11/6/16,11/23/16,11/23/16
121,104,537,39554,337,135,40026,11564,28462,60,8,579,34711,46275,10/30/16,11/24/16,11/24/16
21,18,592,35098,1685,220,37003,7718,29284,60,9,605,36329,44047,10/27/16,11/25/16,11/25/16
455,389,809,23710,959,174,24843,6823,18020,60,4,329,19719,26542,11/6/16,11/26/16,11/26/16
988,839,751,35951,731,160,36842,7148,29694,60,5,554,33260,40408,11/16/16,11/26/16,11/26/16
231,201,786,3649,1363,199,5211,470,4741,60,4,87,5236,5706,11/22/16,11/28/16,11/28/16
495,419,845,7829,1184,188,9201,2187,7014,60,3,126,7562,9749,11/4/16,11/29/16,11/29/16
672,571,794,43317,1757,224,45298,9241,36057,60,4,662,39696,48937,11/10/16,11/29/16,11/29/16
918,781,766,34387,133,123,34643,4891,29751,60,4,552,33134,38025,11/14/16,11/30/16,11/30/16
87,73,731,58281,748,161,59190,8286,50904,60,5,958,57477,65763,11/8/16,12/2/16,12/2/16
209,183,568,29282,1104,183,30569,6851,23719,60,9,494,29652,36503,11/15/16,12/2/16,12/2/16
59,51,473,10581,1508,209,12298,2448,9849,60,10,212,12694,15142,11/25/16,12/5/16,12/5/16
119,102,435,28301,719,159,29179,5122,24057,60,12,534,32033,37155,11/17/16,12/5/16,12/5/16
573,486,613,25438,1077,182,26697,4781,21916,60,9,450,27004,31785,11/9/16,12/8/16,12/8/16
66,57,544,39999,1183,188,41370,5080,36291,60,9,762,45727,50806,11/17/16,12/8/16,12/8/16
783,666,529,35342,1296,195,36833,6883,29950,60,10,632,37918,44801,11/23/16,12/8/16,12/8/16
376,325,528,3858,387,138,4383,900,3483,60,10,74,4411,5311,11/28/16,12/8/16,12/8/16
162,139,566,31573,517,147,32237,6331,25906,60,9,540,32412,38742,11/11/16,12/9/16,12/9/16
475,402,518,32863,929,172,33964,4680,29284,60,10,620,37206,41886,11/21/16,12/9/16,12/9/16
528,449,776,26091,1792,226,28109,7200,20909,60,4,386,23184,30384,11/13/16,12/10/16,12/10/16
181,156,606,29100,537,148,29785,7252,22533,60,9,464,27830,35082,12/1/16,12/10/16,12/10/16
92,79,572,36072,1413,203,37688,5286,32401,60,9,674,40460,45746,12/4/16,12/13/16,12/13/16
234,202,443,18271,1743,223,20237,4200,16037,60,11,348,20866,25066,11/26/16,12/13/16,12/13/16
414,355,435,18545,1981,238,20764,3691,17073,60,12,377,22626,26317,11/27/16,12/13/16,12/13/16
343,293,727,33236,1171,187,34594,9888,24706,60,5,466,27947,37835,11/13/16,12/14/16,12/14/16
282,243,528,3371,1136,185,4692,488,4204,60,8,86,5146,5634,12/8/16,12/15/16,12/15/16
946,804,577,28600,1536,210,30346,7546,22801,60,9,474,28423,35969,11/18/16,12/16/16,12/16/16
972,826,687,31033,1201,189,32423,3918,28505,60,6,546,32768,36686,12/3/16,12/19/16,12/19/16
738,628,544,5026,417,140,5583,1467,4116,60,9,86,5186,6653,11/24/16,12/19/16,12/19/16
547,465,769,16334,1895,233,18462,1928,16534,60,4,306,18390,20318,12/15/16,12/22/16,12/22/16
504,427,539,30999,470,144,31613,4669,26943,60,10,567,33996,38666,12/13/16,12/22/16,12/22/16
590,503,812,34460,1445,205,36110,6351,29759,60,4,542,32528,38879,12/16/16,12/23/16,12/23/16
111,95,753,3809,455,143,4407,823,3584,60,5,67,4012,4835,12/17/16,12/23/16,12/23/16
397,340,741,13376,46,117,13539,2824,10715,60,5,201,12054,14878,12/1/16,12/23/16,12/23/16
139,120,442,17649,1367,200,19216,4176,15039,60,11,326,19576,23752,12/7/16,12/23/16,12/23/16
749,634,741,29819,1516,209,31544,3428,28116,60,5,527,31630,35058,11/23/16,12/24/16,12/24/16
174,149,481,23190,725,160,24075,6617,17458,60,10,374,22444,29060,12/16/16,12/25/16,12/25/16
874,742,741,81183,1324,197,82704,8836,73868,60,5,1385,83087,91923,11/26/16,12/26/16,12/26/16
75,63,486,34410,897,170,35477,3721,31756,60,10,679,40763,44484,12/19/16,12/26/16,12/26/16
572,485,482,28550,1806,227,30583,6507,24076,60,10,516,30941,37447,12/18/16,12/26/16,12/26/16
855,725,766,49999,1874,231,52104,14059,38045,60,4,706,42356,56415,12/18/16,12/27/16,12/27/16
522,443,732,54566,245,130,54941,12276,42665,60,5,803,48168,60444,12/4/16,12/29/16,12/29/16
77,66,703,26055,1390,201,27646,5868,21778,60,5,415,24870,30738,12/12/16,12/29/16,12/29/16
49,41,783,13951,1806,227,15984,2594,13390,60,4,247,14809,17403,12/1/16,12/30/16,12/30/16
507,431,482,38726,1311,196,40233,7490,32744,60,10,701,42082,49571,12/2/16,12/30/16,12/30/16