make,model,year,acquisition_price,sale_price,profit,sale_date,sale_id,vehicle_id,customer_id,consultant_id,add_ons,days_on_lot
Mercedes-Benz,E-Class,2004,3987,5339,9124,1/1/14,877,266,743,11,1155,70
Toyota,Camry,2006,2836,4308,5123,1/2/14,306,399,262,2,246,11
Mazda,Mazda6,2009,26348,35925,43828,1/3/14,159,594,136,3,200,86
Volvo,XC90,2003,1010,2429,3991,1/4/14,844,980,715,11,953,3
Acura,RDX,2014,48854,49012,52290,1/8/14,860,556,729,8,28,9
Honda,Accord,2005,1507,2626,4171,1/9/14,679,964,579,3,801,44
Infiniti,QX60,2013,12417,21463,27914,1/9/14,776,662,661,12,1548,25
Audi,A6,2012,6083,8059,12346,1/11/14,55,108,48,12,1590,54
Kia,Optima,2007,4804,6980,9407,1/13/14,90,7,76,1,1411,10
Chevrolet,Equinox,2008,2374,3529,3933,1/14/14,380,306,327,4,8,68
Subaru,Forester,2004,2930,3602,5892,1/18/14,550,324,467,1,1115,14
Dodge,Journey,2011,27138,30962,34036,1/18/14,778,763,662,11,278,84
Nissan,Sentra,2013,27651,29328,32185,1/22/14,538,740,457,8,35,8
Toyota,Corolla,2011,22435,24689,30526,1/22/14,327,819,281,12,186,51
Hyundai,Elantra,2005,3647,3995,6101,1/24/14,146,376,124,3,592,56
Chevrolet,Traverse,2014,37739,42000,46613,1/25/14,799,175,679,7,75,68
Dodge,Charger,2008,6218,7111,9771,1/26/14,511,526,432,5,853,63
Mercedes-Benz,E-Class,2000,3651,4011,5280,1/27/14,886,267,751,9,713,62
Nissan,Pathfinder,2014,45909,46570,3175,1/28/14,393,308,337,4,586,38
Nissan,Pathfinder,2004,1576,1816,60395,1/28/14,737,652,627,8,969,14
Mazda,CX-9,2007,2610,4552,7737,1/30/14,102,204,87,9,1579,77
Chevrolet,Silverado,2010,20244,27286,31567,1/30/14,929,882,793,3,1252,46
Infiniti,QX60,2013,8709,14009,8341,1/31/14,132,799,114,1,1180,5
Audi,A6,2001,4353,5475,17412,1/31/14,453,417,385,9,797,38
Toyota,Highlander,2012,18721,20217,22881,2/1/14,950,994,807,9,655,68
Audi,A6,2000,4024,4759,6630,2/2/14,404,516,344,6,509,62
Honda,Pilot,2012,29373,31641,38724,2/2/14,755,760,641,12,760,33
Volkswagen,Passat,2007,5747,6654,8758,2/4/14,115,9,98,3,1275,25
Acura,MDX,2013,20283,27613,5180,2/7/14,34,580,28,7,459,37
Acura,ILX,2013,22732,30086,31421,2/7/14,669,333,569,7,1312,17
Volkswagen,Tiguan,2013,16173,26025,32866,2/7/14,353,613,303,12,640,36
Subaru,Forester,2000,3033,4160,34006,2/7/14,253,500,218,1,709,20
Volvo,XC60,2010,16891,20337,3508,2/8/14,464,316,395,4,546,71
Lexus,ES,2008,1401,2597,24330,2/8/14,654,641,556,10,1008,69
Hyundai,Elantra,2014,29839,38974,49120,2/9/14,514,840,435,5,154,29
Chevrolet,Traverse,2011,18882,25706,33841,2/14/14,829,668,706,11,397,5
Ford,Escape,2011,16806,18324,22699,2/16/14,534,426,453,3,827,72
Jeep,Cherokee,2010,19633,22709,26310,2/17/14,236,603,203,3,1354,6
Volvo,XC90,2002,4204,5041,5837,2/18/14,932,468,792,4,202,66
Honda,Pilot,2013,14706,18774,4925,2/27/14,9,364,8,6,1638,18
Jeep,Grand Cherokee,2004,2073,2527,25582,2/27/14,736,859,628,6,1625,31
Subaru,Forester,2001,1011,1893,4098,3/1/14,563,149,478,5,1148,36
Toyota,RAV4,2011,16919,24904,27450,3/4/14,666,442,566,8,340,73
Dodge,Durango,2014,37041,38900,9291,3/6/14,821,84,697,10,1174,63
Mercedes-Benz,C-Class,2006,4900,5978,8619,3/6/14,780,171,664,2,866,65
Lexus,RX,2006,4640,6132,43305,3/6/14,842,979,714,8,1097,88
Jeep,Wrangler,2012,17213,18670,5302,3/7/14,80,796,68,3,1451,52
Ford,Explorer,2009,6804,12771,23780,3/7/14,866,984,735,10,1388,59
Hyundai,Elantra,2005,1277,3149,14590,3/7/14,430,518,368,10,400,57
Subaru,Outback,2008,7105,7432,11359,3/13/14,880,180,747,2,1438,77
Kia,Sorento,2006,1129,2909,5069,3/16/14,226,600,197,8,1012,40
Subaru,Forester,2010,28289,32103,42524,3/19/14,750,971,637,4,1443,86
Mazda,Mazda3,2014,23009,29387,32176,3/23/14,296,816,254,7,384,34
Jeep,Wrangler,2000,4214,4367,6097,3/25/14,952,683,808,12,470,20
Hyundai,Elantra,2009,19562,20666,26456,3/26/14,276,220,238,2,563,2
Dodge,Challenger,2013,7447,15728,20348,3/27/14,667,643,567,10,550,73
Infiniti,QX60,2014,47998,48756,59922,3/29/14,663,853,562,4,911,62
Honda,Accord,2000,1955,2958,3627,3/30/14,35,4,30,5,21,74
BMW,X5,2010,8109,13772,17397,3/30/14,318,818,275,2,197,89
Dodge,Charger,2013,7420,11779,14430,4/1/14,103,695,87,9,161,43
Volkswagen,Golf,2010,20307,23773,6602,4/3/14,809,262,687,7,1390,46
Honda,Civic,2003,2617,3709,28117,4/3/14,949,682,806,12,1909,37
Nissan,Rogue,2009,18886,21764,24652,4/4/14,187,20,162,11,870,25
Tesla,Model S,2012,5544,11417,13652,4/6/14,532,529,451,9,407,87
Chevrolet,Traverse,2011,10398,14363,3017,4/7/14,299,125,257,1,1153,1
Lexus,RX,2001,812,1473,17712,4/7/14,702,164,599,11,1931,70
Infiniti,QX70,2014,56577,57698,69970,4/8/14,109,589,93,6,815,16
Infiniti,QX60,2014,45931,47890,62491,4/12/14,258,811,222,3,1700,14
Volkswagen,Passat,2008,7089,7948,8720,4/14/14,370,930,319,12,1,88
Honda,Pilot,2009,24339,28007,30434,4/14/14,854,352,723,1,169,67
Acura,MDX,2014,43859,49800,5757,4/16/14,581,632,494,4,1643,53
BMW,X5,2006,1691,2925,62927,4/16/14,248,710,214,5,627,70
Volvo,XC60,2014,43183,46450,55781,4/17/14,558,245,473,2,50,33
Volvo,S60,2011,20856,23999,31989,4/17/14,506,320,429,8,1815,47
Nissan,Pathfinder,2014,41238,44520,58438,4/18/14,120,207,103,2,1772,61
Chevrolet,Traverse,2013,20628,28070,35107,4/18/14,591,432,505,3,822,14
Dodge,Challenger,2009,19135,22932,32345,4/20/14,250,711,216,4,1768,68
Lexus,ES,2011,26695,35451,41097,4/20/14,975,361,829,5,868,33
Subaru,Forester,2010,12294,22246,28382,4/26/14,107,486,91,2,269,80
BMW,3 Series,2002,2009,2995,5718,4/28/14,939,469,798,10,1425,35
Honda,Civic,2003,1470,1789,5108,4/30/14,108,487,92,6,1886,75
Acura,MDX,2003,1076,2266,5096,5/1/14,865,674,734,1,1519,11
BMW,X3,2013,22288,27180,31191,5/2/14,141,909,121,6,647,27
BMW,3 Series,2009,10301,19653,22427,5/2/14,439,416,374,6,1045,73
Mazda,CX-5,2014,27604,29850,36964,5/5/14,492,944,417,3,980,83
Volkswagen,Jetta,2008,5863,8123,12727,5/6/14,826,264,702,6,1716,41
Kia,Optima,2002,2791,3623,6194,5/10/14,878,675,746,11,1275,48
Ford,Focus,2013,29732,33202,4993,5/11/14,72,585,62,11,564,38
Audi,A6,2005,2286,3884,42107,5/11/14,207,214,182,5,1430,59
Ford,Focus,2006,3578,4531,7193,5/13/14,270,395,233,1,1256,23
Kia,Sorento,2011,26496,33748,36960,5/14/14,37,367,31,7,252,83
Lexus,RX,2010,26586,29920,42090,5/14/14,791,864,672,12,698,48
Ford,F-150,2010,5516,11314,12741,5/15/14,900,987,763,7,455,59
Lexus,RX,2002,1945,2639,3357,5/16/14,693,339,591,9,335,62
Volvo,S60,2011,23066,26914,33320,5/16/14,806,81,682,8,717,61
Honda,Accord,2000,2958,4046,7682,5/17/14,513,946,435,10,1662,8
Kia,Optima,2001,3189,3460,6082,5/22/14,764,455,649,3,1122,13
Audi,Q7,2009,17370,18443,22075,5/23/14,587,536,500,6,991,30
Acura,MDX,2012,20173,26478,5210,5/24/14,881,464,749,4,875,77
Volvo,XC60,2008,3350,3787,14646,5/24/14,958,566,812,7,783,17
Hyundai,Sonata,2009,9983,12172,33338,5/24/14,301,717,259,11,1707,64
Acura,MDX,2003,4248,5588,6647,5/27/14,796,764,677,10,444,15
Mercedes-Benz,C-Class,2008,5877,6623,10421,5/28/14,525,241,446,8,1500,50
Volkswagen,Golf,2014,23924,27800,32423,5/31/14,339,610,290,6,1986,39
Acura,ILX,2014,27354,32870,36453,6/1/14,598,748,509,4,635,22
Chevrolet,Traverse,2013,17094,26420,31600,6/3/14,206,807,181,3,484,64
Toyota,Highlander,2012,26986,36200,44321,6/8/14,650,960,553,1,1243,55
BMW,X3,2007,6869,7181,11119,6/9/14,391,230,335,11,1943,11
Volvo,XC90,2006,5321,5820,8603,6/10/14,348,128,299,4,1959,64
Audi,Q5,2014,39407,41930,5862,6/11/14,25,366,22,12,1515,6
Volkswagen,Jetta,2002,1754,2877,52406,6/11/14,630,750,536,9,487,17
Kia,Optima,2003,1174,2591,4464,6/12/14,588,151,501,8,883,59
Honda,Accord,2007,6835,7300,9575,6/14/14,840,869,713,12,750,82
Toyota,Highlander,2002,3454,4185,5434,6/15/14,837,977,711,8,234,61
Subaru,Forester,2014,28605,31098,33900,6/16/14,362,726,311,4,262,66
Ford,Escape,2009,7360,8617,10278,6/20/14,12,276,9,3,466,11
Lexus,IS,2010,6869,15144,20016,6/20/14,636,436,540,3,703,2
Tesla,Model S,2012,16389,21625,27236,6/21/14,759,454,645,3,456,55
Tesla,Model S,2014,56898,59098,72315,6/22/14,831,769,708,7,1156,87
Hyundai,Sonata,2014,27986,31000,37676,6/22/14,760,659,646,5,919,42
Nissan,Pathfinder,2000,3348,3513,4483,6/24/14,882,90,749,4,444,69
Audi,Q7,2012,45000,52999,5923,6/26/14,168,596,143,3,1597,26
Toyota,RAV4,2008,2099,2994,59236,6/26/14,188,381,163,3,794,17
Mercedes-Benz,C-Class,2003,2103,2751,3708,6/30/14,602,957,513,6,119,87
Volvo,S60,2002,4011,4989,6115,6/30/14,722,449,616,12,11,7
Honda,Civic,2003,4395,5297,9068,6/30/14,794,78,675,11,1635,79
Mazda,CX-9,2012,20735,24423,28722,7/1/14,735,167,626,8,1945,17
Kia,Optima,2006,2313,2722,5244,7/2/14,828,667,704,7,1209,6
Audi,A6,2014,45197,53250,65063,7/3/14,853,555,724,8,1416,29
Jeep,Wrangler,2004,4206,5112,6094,7/4/14,281,123,241,8,1409,73
Honda,Pilot,2005,3261,4072,6906,7/4/14,862,983,732,9,338,25
Volvo,XC90,2008,5405,6013,9466,7/7/14,269,295,231,12,1631,10
Nissan,Sentra,2012,10038,15153,19317,7/7/14,288,715,249,2,112,49
Lexus,IS,2012,26418,29985,37329,7/10/14,531,322,450,2,920,88
Kia,Sportage,2005,1187,2277,4113,7/11/14,955,272,811,5,1035,17
Audi,A4,2002,2401,3423,6383,7/12/14,204,497,180,6,1757,26
Audi,Q5,2010,16503,25472,33369,7/17/14,166,703,144,9,1751,14
Chevrolet,Equinox,2014,24839,24553,30403,7/18/14,578,743,492,6,1076,37
Hyundai,Santa Fe,2001,4242,5327,7040,7/19/14,223,290,194,7,556,9
Kia,Sorento,2004,3102,3837,5963,7/21/14,589,745,502,5,1373,87
Lexus,ES,2010,5800,9797,11833,7/21/14,647,851,550,11,996,11
Audi,Q7,2009,28658,33751,41391,7/21/14,656,332,558,1,1773,33
Nissan,Rogue,2009,25349,28914,35521,7/26/14,493,524,418,6,927,62
Mazda,Mazda6,2010,22291,31029,16768,7/26/14,906,877,768,7,386,53
Lexus,RX,2009,9433,14255,40972,7/26/14,268,502,232,8,1495,5
Honda,Civic,2008,1444,3881,6480,7/27/14,682,751,582,2,1929,19
Honda,Pilot,2009,28021,30980,37889,8/1/14,128,373,110,12,187,22
Toyota,Camry,2007,4525,5780,9137,8/3/14,292,296,252,10,1589,50
Ford,Explorer,2003,3199,3388,5658,8/4/14,822,459,698,5,1167,54
Chevrolet,Malibu,2006,4781,6201,8575,8/6/14,503,239,426,5,1346,18
Dodge,Challenger,2009,26247,28421,31331,8/7/14,337,304,288,3,402,53
Mercedes-Benz,E-Class,2009,8290,17451,5219,8/10/14,751,759,637,4,1399,4
Hyundai,Elantra,2002,2219,2783,21984,8/10/14,810,767,687,7,143,88
Kia,Sorento,2006,2478,3247,4639,8/13/14,410,934,351,5,877,5
Subaru,Legacy,2013,15939,21752,27881,8/15/14,752,169,638,12,728,25
Tesla,Model S,2013,15934,18340,23290,8/17/14,879,875,748,6,1810,28
Mercedes-Benz,E-Class,2007,2763,3064,5155,8/18/14,748,655,635,7,1098,39
Toyota,Camry,2001,2341,3701,6094,8/22/14,2,194,1,8,1126,25
Infiniti,QX80,2013,22178,26725,31522,8/23/14,774,347,658,7,1803,56
Honda,Civic,2006,2872,3184,5668,8/26/14,427,313,366,1,1158,54
Audi,A4,2011,13774,17241,22898,8/28/14,710,447,605,2,1450,26
BMW,X3,2013,19726,28684,37933,8/30/14,753,170,639,5,1300,13
Nissan,Rogue,2014,28309,32999,39129,8/31/14,561,534,477,6,1213,19
Volkswagen,Golf,2008,4272,5478,6858,9/3/14,221,809,193,12,577,24
Volkswagen,Jetta,2004,1488,2917,5339,9/3/14,219,117,191,2,1109,62
Chevrolet,Malibu,2000,1536,2980,5307,9/4/14,11,785,10,7,1238,85
Toyota,Highlander,2012,22866,31530,36868,9/4/14,839,553,712,2,1866,35
Acura,MDX,2011,12426,16210,18907,9/8/14,465,621,396,7,1215,52
Dodge,Charger,2012,12239,19939,25588,9/14/14,957,471,812,1,735,22
Chevrolet,Malibu,2013,8835,18589,24032,9/18/14,408,414,349,7,913,76
Mercedes-Benz,C-Class,2013,18582,23381,29225,9/19/14,814,866,692,7,1048,71
Ford,F-150,2009,5108,13907,18714,9/19/14,302,926,260,11,1695,60
Mercedes-Benz,E-Class,2008,2274,2713,3825,9/20/14,747,970,636,6,412,15
Kia,Optima,2001,881,1498,2154,9/20/14,68,692,58,1,315,66
Dodge,Durango,2010,16275,23183,29866,9/22/14,692,66,590,6,791,12
Chevrolet,Silverado,2013,25627,35322,6280,9/23/14,8,476,7,2,1044,65
Lexus,RX,2005,3322,4597,39310,9/23/14,985,782,835,6,1224,26
Hyundai,Elantra,2011,29147,32000,42722,9/25/14,216,216,188,12,1862,70
Lexus,IS,2001,3175,3773,5933,9/28/14,38,104,32,8,856,85
Subaru,Legacy,2013,18628,25677,31717,10/1/14,938,186,797,11,1464,88
Audi,Q5,2013,21902,23514,28634,10/2/14,675,335,574,4,1785,42
Hyundai,Tucson,2007,4050,6379,9490,10/4/14,304,223,260,7,1733,64
Lexus,RX,2010,17026,23695,31165,10/4/14,466,734,397,2,1072,70
Dodge,Charger,2014,24131,27500,35325,10/7/14,411,135,352,10,337,37
Subaru,Impreza,2008,4533,5957,8291,10/8/14,79,693,67,4,1478,63
Volvo,XC90,2009,19266,20474,23323,10/9/14,262,393,225,11,683,11
Honda,Accord,2012,7573,9256,11990,10/12/14,81,900,69,7,508,38
Subaru,Forester,2005,4746,6590,9152,10/14/14,659,160,560,1,1011,20
Honda,CR-V,2011,14212,21628,24971,10/14/14,697,445,595,8,895,8
Chevrolet,Equinox,2011,24886,26651,31786,10/15/14,47,894,43,8,957,34
Audi,A4,2010,22794,30252,6334,10/16/14,14,2,12,3,1482,63
Toyota,Camry,2010,12990,14076,17310,10/16/14,26,787,23,5,1437,81
Volkswagen,Passat,2004,3286,4092,36407,10/16/14,317,508,273,5,883,62
Mercedes-Benz,E-Class,2003,2114,2651,4899,10/18/14,230,498,201,12,1643,66
Mercedes-Benz,E-Class,2010,25815,30817,37639,10/18/14,543,952,462,2,511,32
BMW,X5,2007,3138,5620,3857,10/19/14,130,489,112,10,492,70
Lexus,ES,2006,1299,2792,7352,10/19/14,552,243,469,8,833,48
Subaru,Legacy,2002,3477,4813,5881,10/20/14,147,377,125,7,391,63
Volkswagen,Tiguan,2008,3451,5245,7660,10/22/14,280,712,242,9,1410,17
Volvo,XC90,2002,2537,2734,4208,10/23/14,580,431,493,9,1003,9
Jeep,Cherokee,2011,8907,13047,14950,10/25/14,838,671,712,6,657,50
Jeep,Cherokee,2002,2835,4098,6240,10/26/14,423,829,361,3,815,1
Honda,Accord,2013,8564,15205,17569,10/27/14,472,47,400,7,476,22
Tesla,Model S,2012,11505,15635,5877,10/28/14,585,744,498,11,773,81
Subaru,Forester,2003,4109,4449,20532,10/28/14,832,552,707,6,633,47
Lexus,NX,2014,29885,36267,18111,10/29/14,54,107,47,4,1899,34
Volkswagen,Jetta,2009,12587,14802,39782,10/29/14,545,844,464,9,971,68
Toyota,Corolla,2008,3073,4012,4750,11/1/14,641,438,544,12,246,36
Jeep,Wrangler,2009,23049,28451,24432,11/12/14,473,940,401,3,1396,28
BMW,5 Series,2009,15408,18099,35046,11/12/14,605,154,515,9,1810,75
Infiniti,Q50,2014,31233,36570,40349,11/13/14,126,698,109,4,216,42
Kia,Sportage,2014,29934,32000,39841,11/15/14,110,488,94,12,1294,8
Dodge,Challenger,2009,21261,24684,30862,11/15/14,395,133,338,7,1648,6
Subaru,Legacy,2011,16598,22897,25812,11/17/14,307,817,263,4,835,14
Ford,Focus,2014,23824,33783,37735,11/17/14,788,173,669,3,728,62
Volvo,S60,2013,24173,28015,33609,11/18/14,122,697,105,7,878,19
Acura,ILX,2014,26297,27367,33751,11/20/14,721,72,614,4,284,85
Honda,Pilot,2013,14959,16474,23285,11/20/14,617,155,524,9,1931,87
Honda,CR-V,2009,23795,31595,24630,11/22/14,448,937,382,10,26,25
Ford,Escape,2014,17236,22118,41503,11/22/14,407,413,348,2,1884,43
Volkswagen,Golf,2001,3915,4161,7241,11/23/14,332,226,284,4,1794,15
Nissan,Pathfinder,2008,5895,6626,8982,11/25/14,564,246,480,5,313,60
Volkswagen,Jetta,2013,9121,12569,16221,11/26/14,402,309,343,3,1135,13
Nissan,Pathfinder,2010,23826,30258,40749,11/30/14,403,825,345,11,1496,82
Subaru,Outback,2008,3981,4307,6625,12/2/14,494,238,420,5,1279,30
Ford,Escape,2007,6784,7405,9203,12/3/14,257,920,221,1,317,90
Jeep,Cherokee,2014,24902,31726,35481,12/5/14,326,403,280,9,1224,14
Ford,Focus,2008,5201,7127,4918,12/7/14,549,323,466,9,1166,85
Volvo,XC90,2001,1409,2672,11209,12/7/14,88,111,74,7,1585,29
Subaru,Impreza,2004,2075,3236,5692,12/9/14,113,590,97,7,1750,56
Ford,Escape,2004,1419,2470,3484,12/10/14,19,786,17,1,130,77
Jeep,Grand Cherokee,2014,31884,34500,38444,12/12/14,533,950,452,7,524,59
Volvo,XC60,2009,24146,29137,36351,12/13/14,67,481,58,3,600,14
Dodge,Journey,2012,14590,20975,24675,12/13/14,271,921,234,10,1715,10
Lexus,RX,2014,40765,46000,52921,12/14/14,211,808,185,6,1059,22
Volkswagen,Passat,2008,5526,6689,8728,12/15/14,458,315,390,7,452,43
Dodge,Durango,2014,43731,44000,50535,12/16/14,389,823,334,12,1143,69
Mercedes-Benz,E-Class,2003,2889,4356,5595,12/16/14,978,191,830,2,40,6
Kia,Sportage,2005,3567,4354,6916,12/19/14,742,453,631,4,1219,43
Volkswagen,Passat,2013,14321,21430,24952,12/20/14,849,981,720,9,1542,68
Infiniti,Q50,2014,36430,36228,43745,12/23/14,61,793,53,12,646,57
BMW,3 Series,2005,5836,6232,8258,12/24/14,734,166,625,3,604,59
Hyundai,Santa Fe,2009,17274,26419,33256,12/25/14,892,93,755,8,1474,40
Infiniti,Q50,2014,36993,41540,53997,12/27/14,42,105,36,1,510,51
Ford,F-150,2014,35704,45900,59695,12/28/14,22,277,19,9,1332,1
Lexus,NX,2015,35428,42665,5401,1/5/15,57,5,50,3,1528,12
Audi,A4,2002,795,1056,2155,1/5/15,639,157,542,7,789,51
Dodge,Durango,2001,2968,3150,52304,1/5/15,574,430,489,4,612,12
Chevrolet,Traverse,2015,27069,34723,39191,1/7/15,903,95,766,12,1384,13
Volkswagen,Golf,2004,3990,5146,6771,1/10/15,18,477,16,8,871,27
BMW,X5,2015,48711,54873,61941,1/10/15,78,795,67,6,955,51
Nissan,Sentra,2010,14916,23138,26837,1/10/15,678,336,576,8,1781,39
Honda,Civic,2008,4590,6136,7040,1/11/15,149,593,128,4,288,81
Honda,Civic,2014,20606,24999,32796,1/14/15,597,327,507,5,655,66
Ford,Escape,2008,4179,6448,8506,1/15/15,982,571,833,2,501,75
Ford,Escape,2013,13921,23583,29657,1/16/15,825,868,701,12,108,90
Kia,Sportage,2000,884,1243,3224,1/17/15,164,492,140,11,1071,78
Infiniti,QX80,2014,49036,54000,59731,1/18/15,416,618,354,3,1186,9
Chevrolet,Malibu,2006,5528,6988,3737,1/21/15,824,85,700,10,1062,57
Honda,CR-V,2007,1637,2116,9031,1/21/15,924,880,785,11,172,31
Kia,Optima,2011,13170,16123,22570,1/27/15,993,1000,843,6,1570,29
Infiniti,Q50,2013,8646,13960,16087,1/29/15,517,527,438,4,784,32
Dodge,Charger,2014,23821,32443,40759,1/30/15,689,162,588,9,515,55
Jeep,Renegade,2015,27472,31622,35971,2/1/15,252,218,217,10,1382,84
Jeep,Renegade,2015,22486,28858,7915,2/2/15,112,798,96,4,1485,4
Volvo,S60,2011,27690,31100,39240,2/2/15,717,71,610,1,1191,71
Jeep,Wrangler,2006,3359,4750,36812,2/2/15,893,181,756,6,172,77
Ford,F-150,2012,10703,19262,11183,2/3/15,13,577,11,1,330,26
Acura,RDX,2008,6908,8456,21040,2/3/15,387,932,332,2,151,43
Volvo,XC90,2014,12544,21480,24804,2/4/15,229,292,200,2,1051,6
Audi,A4,2004,3616,3924,4940,2/5/15,189,494,164,3,392,13
Toyota,RAV4,2013,15503,21294,26143,2/5/15,470,836,399,1,1243,29
Jeep,Cherokee,2003,1465,1698,3486,2/6/15,123,372,106,10,1076,21
Dodge,Challenger,2008,6169,6582,9685,2/6/15,739,757,628,2,1021,24
Volvo,XC90,2011,29290,37762,46973,2/7/15,954,101,810,10,970,64
Honda,Pilot,2012,11150,19912,26806,2/7/15,629,542,535,6,1624,45
BMW,3 Series,2004,2928,4316,5413,2/8/15,358,228,308,4,150,55
Dodge,Durango,2005,2967,3361,5713,2/9/15,442,43,375,9,1693,9
Ford,F-150,2013,22513,27206,31573,2/10/15,373,130,322,9,253,15
Nissan,Sentra,2010,16617,23733,29592,2/11/15,960,884,814,9,971,22
Honda,Civic,2001,3186,3413,5203,2/12/15,429,830,367,10,1218,87
Volkswagen,Passat,2008,5131,6634,8418,2/12/15,688,646,586,4,1015,74
Jeep,Wrangler,2004,2009,2984,5884,2/12/15,997,193,846,1,1617,2
Audi,A6,2015,38731,43453,14254,2/13/15,58,895,51,9,1154,65
Chevrolet,Equinox,2014,15215,17002,7584,2/13/15,331,820,284,10,1372,63
Toyota,Highlander,2007,3438,5242,19593,2/13/15,901,676,764,12,828,48
Jeep,Wrangler,2013,8810,9915,54231,2/13/15,449,732,381,7,1306,63
Toyota,Highlander,2014,15844,24102,6200,2/14/15,544,531,462,1,399,46
Lexus,RX,2001,4218,4608,31873,2/14/15,743,549,631,9,825,40
BMW,5 Series,2009,27289,32017,36421,2/15/15,754,656,640,7,1020,82
Mercedes-Benz,E-Class,2015,49430,55864,40529,2/16/15,44,690,39,1,699,4
Hyundai,Sonata,2010,26412,31931,66472,2/16/15,614,58,521,6,790,37
Chevrolet,Traverse,2011,29780,36860,44764,2/17/15,227,601,198,7,645,36
Nissan,Altima,2000,4342,4680,6549,2/22/15,183,380,157,9,1028,57
Kia,Sorento,2003,4486,4846,4541,2/22/15,246,119,212,3,1306,45
Mercedes-Benz,C-Class,2006,1202,2661,5375,2/22/15,84,199,72,11,34,30
Lexus,RX,2009,21267,24099,30194,2/23/15,94,112,80,6,565,17
Lexus,NX,2015,35129,39999,6434,2/25/15,295,398,254,9,1248,9
Hyundai,Elantra,2009,10173,16189,51693,2/25/15,559,845,475,10,1721,85
Jeep,Wrangler,2008,3505,4400,21725,2/25/15,604,153,514,10,830,37
Chevrolet,Equinox,2009,5550,8752,11860,2/27/15,607,847,516,6,1081,18
Subaru,Forester,2015,21990,26224,5824,3/1/15,86,201,74,12,1955,5
Chevrolet,Malibu,2000,1285,2685,35117,3/1/15,148,592,126,9,1698,48
Kia,Soul,2013,16636,25938,32147,3/2/15,908,773,771,1,189,27
Honda,Pilot,2003,3118,4214,6308,3/3/15,967,569,820,1,1371,47
BMW,X3,2006,1227,2951,6223,3/3/15,96,903,81,5,1795,88
Volvo,XC60,2011,18654,22848,28129,3/5/15,63,280,54,8,20,17
Jeep,Grand Cherokee,2002,3929,5177,6903,3/8/15,553,954,470,2,1823,82
BMW,3 Series,2002,3381,3759,7363,3/8/15,665,642,565,10,431,66
Mercedes-Benz,C-Class,2006,2285,3729,4755,3/9/15,940,681,799,4,46,70
Honda,Pilot,2012,21844,25019,27873,3/10/15,23,579,20,5,769,21
Volkswagen,Jetta,2003,4417,4922,5872,3/12/15,795,260,676,4,395,73
Chevrolet,Malibu,2005,3403,5015,6641,3/12/15,869,559,737,2,499,38
Lexus,NX,2014,9633,14694,6511,3/13/15,284,714,245,4,1648,15
Lexus,RX,2006,3148,4172,18254,3/13/15,344,720,295,3,1734,7
Mercedes-Benz,C-Class,2005,5996,6518,8403,3/16/15,191,597,166,6,1038,25
Infiniti,Q50,2014,15548,20748,6454,3/17/15,333,509,285,10,659,25
Dodge,Challenger,2008,3635,4154,28586,3/17/15,777,550,660,2,1718,30
Toyota,Highlander,2002,1812,2124,3024,3/19/15,314,507,270,2,293,83
Dodge,Durango,2010,22665,25950,20896,3/21/15,60,584,52,5,1842,5
Dodge,Charger,2010,11200,14681,29155,3/21/15,462,46,393,4,658,24
Toyota,Highlander,2002,1491,2660,4858,3/22/15,575,630,490,10,992,20
Audi,A6,2012,29826,34817,43953,3/22/15,873,561,741,3,216,90
Volkswagen,Tiguan,2013,17216,21588,28975,3/24/15,261,27,224,11,1257,37
Mazda,CX-5,2012,22089,23382,29005,3/26/15,915,184,777,8,823,58
Hyundai,Elantra,2010,20949,23770,29700,3/26/15,310,506,266,11,1207,35
Volkswagen,Passat,2014,9137,18311,8151,3/27/15,621,252,528,4,633,57
Ford,Explorer,2001,4331,5751,20569,3/27/15,996,574,847,5,882,47
BMW,3 Series,2000,3009,3759,7116,3/28/15,424,312,362,9,1939,46
Audi,A6,2006,4447,4869,7614,3/29/15,542,741,461,12,1799,78
Ford,Escape,2011,19240,24917,27829,3/30/15,325,402,280,1,608,39
Lexus,RX,2005,5904,6389,7158,4/1/15,785,664,667,4,61,30
Volvo,XC90,2007,4149,4448,7355,4/1/15,305,30,261,2,1439,72
Ford,Focus,2014,11735,17187,23001,4/2/15,927,185,788,6,1172,78
Kia,Sportage,2005,3702,4442,5712,4/7/15,313,126,267,11,122,85
Nissan,Altima,2012,15638,21317,6904,4/8/15,382,131,329,4,1682,2
Kia,Sportage,2001,1638,2400,4704,4/8/15,834,177,709,6,1186,49
Mercedes-Benz,C-Class,2000,3826,4262,26461,4/8/15,508,624,430,2,625,66
BMW,5 Series,2015,37591,39553,45776,4/10/15,715,341,609,6,1440,16
Hyundai,Elantra,2000,1221,1829,3425,4/11/15,856,672,726,12,794,67
BMW,5 Series,2015,40122,46800,10264,4/13/15,180,804,156,6,642,74
Kia,Optima,2012,24531,28306,34748,4/13/15,201,213,176,12,563,42
Mercedes-Benz,E-Class,2015,42576,49183,54823,4/13/15,256,392,220,12,648,1
Dodge,Charger,2013,6872,13533,51629,4/13/15,989,888,839,9,751,13
Acura,RDX,2008,6480,7495,15062,4/13/15,443,44,376,8,229,52
Dodge,Journey,2015,29860,34188,42630,4/14/15,699,68,596,6,1498,81
Nissan,Rogue,2011,15504,23586,32912,4/15/15,560,148,476,5,574,19
Subaru,Impreza,2012,25936,28461,27148,4/15/15,161,284,138,1,779,90
Volkswagen,Jetta,2012,5101,12351,15636,4/15/15,357,723,307,12,1969,27
Mercedes-Benz,C-Class,2010,16780,17991,20407,4/16/15,554,325,471,10,726,7
Volvo,S60,2015,39380,42251,48397,4/16/15,600,634,511,12,1693,26
Acura,TLX,2015,29473,35563,6403,4/17/15,225,915,196,1,1976,31
Toyota,Highlander,2006,1106,3045,6695,4/17/15,539,951,459,2,19,35
Audi,A4,2003,4358,5513,40723,4/17/15,192,598,167,4,1881,68
Mazda,Mazda3,2004,2392,3675,5837,4/18/15,804,458,684,6,1407,70
Ford,Focus,2003,1401,2012,4585,4/19/15,334,609,288,11,1955,78
Nissan,Rogue,2008,2703,4816,6756,4/21/15,485,318,412,11,606,49
Chevrolet,Silverado,2010,19957,25808,30498,4/24/15,177,288,152,3,1762,15
Acura,ILX,2015,29683,34395,40867,4/25/15,920,359,783,8,1579,53
Volvo,XC90,2011,6998,13699,17270,4/25/15,461,522,392,4,1852,51
BMW,X3,2008,1508,3793,7152,4/26/15,267,813,230,8,1695,50
BMW,X5,2013,18735,20502,22518,4/27/15,961,684,813,9,357,65
BMW,5 Series,2011,18716,22594,28588,4/28/15,569,248,484,8,681,69
Infiniti,QX60,2013,11808,20838,24500,5/1/15,673,962,573,12,22,43
Ford,Focus,2009,26379,32215,37142,5/3/15,436,936,372,1,1906,15
Nissan,Sentra,2013,8112,14999,5907,5/7/15,477,236,404,8,1915,71
Lexus,RX,2007,1765,2495,19536,5/7/15,969,188,821,11,675,29
Toyota,RAV4,2008,1334,3402,5265,5/8/15,371,408,320,7,896,52
Nissan,Altima,2015,25793,26282,28412,5/11/15,450,520,383,7,225,90
Toyota,Highlander,2001,809,2104,4788,5/12/15,683,855,583,1,1682,59
Acura,RDX,2014,23048,27970,7015,5/13/15,243,26,210,7,1408,26
BMW,X3,2006,3283,3942,32043,5/13/15,364,229,312,8,1787,10
Hyundai,Santa Fe,2007,4969,7185,3492,5/14/15,127,906,109,1,763,61
Kia,Optima,2005,1357,2296,10407,5/14/15,399,933,341,8,1875,46
Kia,Sorento,2005,5289,5825,8963,5/16/15,917,269,778,5,928,31
Infiniti,QX70,2014,8108,10303,14100,5/16/15,965,995,818,2,1031,14
Mazda,CX-5,2014,12271,19415,25084,5/17/15,239,293,205,3,1371,57
Acura,ILX,2015,24403,31242,41535,5/17/15,645,959,548,11,1679,11
Jeep,Cherokee,2004,2487,3246,4793,5/18/15,603,328,512,9,656,29
Subaru,Impreza,2002,1980,2891,5154,5/18/15,338,510,289,10,1369,51
BMW,X5,2002,3780,4928,7619,5/19/15,297,925,255,6,1426,76
BMW,X5,2008,4266,4653,6589,5/20/15,556,429,472,8,853,7
Lexus,IS,2000,4032,4513,6742,5/20/15,593,56,505,3,935,9
Toyota,RAV4,2015,26244,34003,46015,5/23/15,217,385,189,7,1722,4
Infiniti,Q50,2014,20852,25776,6306,5/26/15,486,837,412,12,1122,71
Toyota,Highlander,2006,2080,3642,30803,5/26/15,811,263,688,6,884,11
Volkswagen,Passat,2006,1207,2168,4352,5/28/15,29,789,25,11,1215,3
Volkswagen,Jetta,2008,6047,7728,10772,5/30/15,383,617,330,4,815,27
Audi,A4,2014,29203,37618,41679,5/31/15,413,39,354,9,821,31
Jeep,Wrangler,2011,12925,15634,20969,6/1/15,653,440,554,12,1092,24
Nissan,Rogue,2013,9052,12499,16174,6/1/15,502,319,425,1,569,19
Tesla,Model S,2012,15299,21252,25290,6/2/15,240,388,207,8,1254,79
Audi,Q5,2013,17931,23842,28260,6/3/15,125,11,108,1,1945,82
Hyundai,Sonata,2015,28196,35982,42645,6/4/15,200,913,175,11,1264,83
BMW,5 Series,2002,2138,2726,4763,6/6/15,438,519,373,11,1398,47
Ford,Explorer,2006,1213,2169,3815,6/6/15,488,48,413,6,699,1
Subaru,Impreza,2015,24880,26588,33404,6/7/15,767,456,652,6,1008,39
Honda,Civic,2010,14440,21005,28526,6/8/15,944,992,802,9,1166,74
Toyota,RAV4,2014,18222,21255,28305,6/11/15,355,129,305,12,1976,38
Audi,A6,2000,1038,1464,3960,6/13/15,45,196,37,3,1705,45
Volkswagen,Jetta,2015,18441,24942,31940,6/13/15,784,172,667,7,1904,14
Honda,Civic,2008,6487,8381,13495,6/15/15,904,96,767,8,1958,45
Nissan,Sentra,2015,15471,19218,2593,6/16/15,732,452,624,8,89,39
Toyota,Camry,2002,919,2189,23094,6/16/15,319,31,274,8,1633,4
Mercedes-Benz,E-Class,2015,46479,50551,3588,6/17/15,95,586,81,1,1129,84
Toyota,Highlander,2001,1656,1974,57842,6/17/15,321,400,276,11,1930,89
Acura,RDX,2015,42331,46462,55669,6/19/15,979,996,832,4,1727,32
Hyundai,Sonata,2011,9759,11116,12221,6/20/15,69,794,59,4,13,75
Infiniti,QX60,2015,42272,48999,64265,6/20/15,469,835,398,9,1195,49
Honda,CR-V,2015,34883,39514,44183,6/22/15,27,788,24,2,385,5
Subaru,Outback,2015,29704,36253,46427,6/22/15,941,187,800,10,1256,83
Audi,A6,2011,23616,28929,32951,6/23/15,182,706,158,12,1241,17
Dodge,Charger,2012,22075,25124,32216,6/25/15,980,192,832,6,1946,51
Jeep,Wrangler,2000,3442,3969,5843,6/26/15,800,973,681,4,454,59
Honda,Civic,2006,2126,3953,5343,6/26/15,813,768,691,9,395,25
Jeep,Cherokee,2003,1467,2294,3935,6/28/15,336,303,287,11,954,66
Dodge,Charger,2010,27151,29147,31534,6/28/15,446,832,379,8,437,41
Toyota,Camry,2015,29948,31482,34947,6/30/15,643,62,546,9,1099,29
BMW,3 Series,2008,4254,5031,6179,7/1/15,582,633,495,11,4,44
BMW,X5,2005,2094,3952,7164,7/1/15,808,261,686,5,1529,63
Hyundai,Tucson,2010,25748,27147,33262,7/3/15,350,722,301,5,550,29
Volkswagen,Passat,2011,16694,21898,28806,7/7/15,478,317,405,9,1768,81
Toyota,Highlander,2003,4339,4623,7037,7/9/15,956,780,811,10,1353,12
Lexus,ES,2014,9427,11305,12536,7/10/15,170,803,146,2,98,56
Honda,Pilot,2015,39412,41769,8881,7/10/15,515,240,436,10,489,55
Jeep,Cherokee,2005,5338,6778,46622,7/10/15,144,15,123,11,1162,47
Volvo,XC90,2004,1612,2295,3910,7/11/15,527,949,448,12,758,8
Ford,Focus,2015,22021,24000,7050,7/12/15,628,254,534,3,559,10
Tesla,Model X,2015,40342,44181,25922,7/12/15,418,935,358,6,160,40
BMW,X5,2005,5216,5442,55177,7/12/15,626,59,532,10,1661,53
Ford,F-150,2009,19840,22412,12872,7/15/15,352,512,302,7,871,27
Mazda,Mazda3,2007,7397,9740,26835,7/15/15,802,80,680,10,264,12
Volvo,S60,2014,7702,12558,15605,7/16/15,30,478,26,10,276,23
Ford,Escape,2005,5083,5575,6917,7/17/15,922,270,782,9,57,32
Chevrolet,Silverado,2012,8997,14548,20136,7/18/15,73,6,61,12,1369,64
Infiniti,QX80,2014,15205,16629,2134,7/19/15,303,718,259,7,729,22
BMW,5 Series,2001,875,1035,21902,7/19/15,396,515,339,4,1443,23
Kia,Sorento,2003,4009,5025,4586,7/20/15,937,776,796,7,1555,64
Hyundai,Sonata,2003,1738,2105,7328,7/20/15,579,956,492,6,1595,38
Lexus,IS,2007,2988,4129,7648,7/20/15,771,661,656,3,1759,57
Volvo,XC90,2010,29542,37576,49133,7/21/15,889,355,754,8,1149,40
Chevrolet,Malibu,2015,27772,32117,37647,7/27/15,153,210,129,12,378,26
Honda,Accord,2013,21246,27726,34938,7/28/15,709,257,605,4,690,59
BMW,3 Series,2012,20904,26036,29296,7/30/15,959,781,813,6,967,10
Chevrolet,Silverado,2015,27938,30662,34956,8/1/15,220,914,192,4,1819,62
Volvo,XC60,2015,45424,49515,55838,8/2/15,213,24,185,10,540,53
Honda,Pilot,2012,24809,34155,38792,8/2/15,970,570,824,3,697,52
Lexus,RX,2013,27392,33915,43483,8/3/15,300,222,258,11,1076,40
Acura,RDX,2015,37775,39156,43966,8/6/15,426,233,364,3,1919,90
Acura,ILX,2013,17847,23627,29282,8/6/15,601,250,512,2,1682,58
Jeep,Wrangler,2005,5400,5673,6581,8/12/15,212,23,184,4,1194,33
Kia,Sorento,2004,3700,4659,7568,8/12/15,346,721,297,11,488,72
Acura,RDX,2013,12260,17168,19129,8/12/15,441,831,376,12,37,74
Volkswagen,Tiguan,2015,26245,27447,32772,8/13/15,964,273,817,12,372,50
Hyundai,Elantra,2008,4097,4982,7420,8/16/15,7,475,6,11,1724,33
Mazda,CX-5,2013,10352,13724,18050,8/17/15,606,434,515,8,1627,70
Mercedes-Benz,E-Class,2015,59675,63292,76394,8/18/15,124,208,107,7,791,5
Kia,Sportage,2004,4359,4706,7328,8/23/15,818,666,694,10,890,4
Dodge,Challenger,2011,18348,23081,31111,8/24/15,535,843,455,10,902,67
Volvo,V60,2014,5834,15222,22299,8/25/15,703,547,601,1,1698,25
Jeep,Wrangler,2006,1338,2579,3499,8/26/15,208,116,182,1,230,56
Chevrolet,Silverado,2014,13640,23405,23057,8/27/15,398,824,341,7,103,90
Hyundai,Tucson,2010,14782,18999,29647,8/27/15,266,812,229,9,1397,6
Volkswagen,Tiguan,2008,3041,4344,6181,8/28/15,851,88,721,10,1197,14
Audi,A4,2008,4406,5529,7551,8/29/15,512,321,434,4,961,1
Hyundai,Santa Fe,2000,1219,2675,3768,8/31/15,741,758,629,9,616,3
Infiniti,QX80,2014,5431,7583,9281,8/31/15,756,657,642,8,675,16
Acura,RDX,2007,6908,8141,12111,9/2/15,368,822,317,9,1595,31
Chevrolet,Traverse,2012,12458,15516,20120,9/3/15,131,12,113,4,1064,1
Infiniti,QX70,2015,57900,58830,71872,9/4/15,467,418,398,3,1535,88
Tesla,Model X,2015,66684,72000,47936,9/5/15,696,67,594,8,496,83
Infiniti,Q50,2015,35359,40345,90232,9/5/15,275,122,237,2,441,40
Infiniti,QX60,2013,8816,11641,13824,9/6/15,894,985,757,11,753,6
Chevrolet,Equinox,2006,1366,1866,4145,9/8/15,724,450,617,11,1630,14
Volvo,XC60,2008,3822,6077,8819,9/9/15,518,425,439,1,1127,10
Chevrolet,Equinox,2010,18435,26457,31072,9/10/15,476,235,403,11,98,49
Toyota,Corolla,2011,28226,31015,37061,9/11/15,803,176,683,12,734,43
Mazda,CX-9,2010,26613,28344,32402,9/12/15,444,731,377,12,1388,57
BMW,X3,2014,29790,32625,37699,9/14/15,850,178,722,11,1676,11
Infiniti,QX70,2015,44334,49242,3184,9/16/15,186,212,160,5,766,90
Honda,Accord,2001,3716,5121,7604,9/16/15,870,771,738,7,1680,72
Honda,Civic,2002,1044,1754,56806,9/16/15,551,428,468,9,1377,55
Audi,A6,2006,1036,2328,4153,9/17/15,3,1,3,4,860,10
Hyundai,Elantra,2015,26831,33625,41535,9/17/15,786,76,667,11,595,68
Chevrolet,Equinox,2015,17972,22282,29644,9/20/15,97,587,82,12,1845,69
Nissan,Rogue,2013,24166,26622,36395,9/22/15,273,396,236,8,1853,2
Acura,ILX,2013,16085,24529,28183,9/29/15,82,482,70,4,775,88
Mercedes-Benz,E-Class,2009,26982,30725,40221,10/8/15,277,28,238,2,1291,84
Ford,Explorer,2009,6753,13115,17046,10/8/15,567,955,482,2,304,1
Toyota,RAV4,2003,1546,2351,3410,10/11/15,150,16,127,3,418,61
Infiniti,Q50,2014,10831,16272,20831,10/13/15,4,474,4,9,1130,30
Lexus,IS,2009,22368,26826,30153,10/15/15,140,375,121,2,1152,45
Mercedes-Benz,E-Class,2004,4008,4391,5739,10/16/15,562,742,479,7,149,29
Volkswagen,Passat,2001,3174,3378,5043,10/17/15,51,791,46,3,562,26
Mazda,CX-9,2011,10263,19557,22231,10/18/15,719,650,612,6,1066,23
Lexus,ES,2012,24545,30081,34444,10/21/15,548,532,465,12,1906,37
Honda,CR-V,2005,3190,5058,5976,10/24/15,70,896,60,4,241,51
Nissan,Altima,2009,12986,16960,20589,10/24/15,205,22,179,2,1923,52
Honda,Civic,2009,25459,32154,6239,10/28/15,241,389,208,6,189,75
Hyundai,Sonata,2015,28001,29872,38057,10/28/15,723,858,618,7,1325,79
Subaru,Impreza,2005,4115,5395,38000,10/28/15,974,887,827,11,539,29
Acura,TLX,2015,28160,37309,47329,10/31/15,727,343,620,12,1276,9
Mazda,CX-5,2014,24767,33948,9030,11/1/15,496,422,421,9,1346,29
BMW,3 Series,2006,4377,5606,7456,11/1/15,156,700,134,5,1051,47
Mazda,Mazda3,2012,27873,37017,45538,11/1/15,254,501,219,6,1479,12
Lexus,ES,2009,29936,37571,44196,11/1/15,151,282,130,8,1796,36
Subaru,Impreza,2005,5937,6736,45758,11/1/15,320,299,275,12,981,42
Toyota,RAV4,2010,19370,22017,28069,11/2/15,349,927,300,8,1663,15
Chevrolet,Malibu,2006,1499,2183,4396,11/4/15,242,390,209,8,1248,8
Kia,Soul,2011,26430,32337,35112,11/5/15,884,465,750,10,166,40
BMW,3 Series,2015,36727,43883,50126,11/7/15,852,982,723,1,1191,56
Toyota,Corolla,2014,21464,29530,36722,11/7/15,983,687,834,2,1168,87
Jeep,Wrangler,2014,28069,30896,6643,11/8/15,228,810,199,11,795,24
Honda,Civic,2007,3107,4875,35192,11/8/15,992,472,842,2,1581,29
Acura,RDX,2013,21861,30477,38614,11/9/15,53,583,48,8,1267,3
Audi,A4,2002,1190,2428,3123,11/10/15,10,784,8,1,121,49
Nissan,Altima,2008,7079,8745,11604,11/10/15,202,495,177,12,1020,41
Subaru,Legacy,2001,2378,3711,5925,11/12/15,425,136,363,6,1527,21
Infiniti,QX70,2015,59682,65395,73643,11/16/15,232,386,201,1,1579,84
Volkswagen,Passat,2010,14183,18552,24255,11/17/15,895,986,760,6,1081,80
Chevrolet,Traverse,2013,21038,26238,30033,11/17/15,933,271,790,9,885,12
Jeep,Wrangler,2012,9842,18735,21670,11/20/15,627,60,533,3,1141,71
Audi,A6,2000,1458,1642,3088,11/21/15,46,790,40,3,975,62
Audi,A4,2009,13953,22843,30255,11/21/15,105,485,89,4,1981,23
Volvo,V60,2015,27504,33862,40793,11/24/15,523,627,444,8,1199,55
Volkswagen,Golf,2013,23277,30254,38476,11/24/15,609,329,518,2,1369,42
Hyundai,Elantra,2000,3552,3821,4419,11/26/15,885,772,751,11,90,45
Acura,ILX,2015,26398,34298,43013,11/27/15,195,21,169,12,891,67
Lexus,RX,2009,17302,25817,33411,11/27/15,611,57,518,9,1497,38
Dodge,Durango,2004,4361,5859,9102,11/28/15,163,595,139,3,1056,87
Kia,Soul,2009,17613,19488,25542,11/29/15,347,33,298,12,928,42
Toyota,Highlander,2014,14921,17655,20794,11/30/15,859,265,728,2,1540,42
Ford,Focus,2003,3956,5001,8658,12/1/15,137,209,118,1,1862,49
Volkswagen,Jetta,2009,7163,9746,11533,12/2/15,817,665,693,3,947,52
Toyota,Highlander,2014,28276,35103,41902,12/3/15,263,294,226,5,663,77
Nissan,Rogue,2015,20039,22193,26699,12/5/15,412,826,353,10,1729,72
Mercedes-Benz,C-Class,2012,11742,15644,21067,12/6/15,690,65,587,3,1348,57
Subaru,Forester,2013,8679,17524,21392,12/7/15,431,730,368,2,639,1
Lexus,RX,2003,3899,4725,6898,12/9/15,610,538,518,3,740,41
Volkswagen,Passat,2014,17079,18867,25730,12/11/15,481,144,408,5,1372,20
Audi,Q5,2009,29746,35570,42784,12/11/15,731,451,623,6,848,82
Mazda,Mazda3,2007,3414,4249,6733,12/16/15,926,881,787,4,814,2
Subaru,Impreza,2000,2555,4021,6232,12/16/15,896,94,758,3,1243,88
Ford,F-150,2000,2898,3845,5759,12/18/15,923,775,784,8,671,39
Mazda,Mazda3,2008,6224,8515,10821,12/19/15,155,17,132,7,230,8
Kia,Sportage,2007,6696,7506,9866,12/20/15,335,127,286,2,763,17
Volvo,XC60,2015,25875,32563,38447,12/23/15,711,967,606,9,1636,26
Audi,Q5,2012,21532,31115,36405,12/24/15,133,908,114,11,14,12
Subaru,Forester,2014,9409,17910,6948,12/29/15,215,25,187,12,1183,70
Honda,CR-V,2001,3418,4156,9779,12/29/15,65,197,57,11,1297,79
Volkswagen,Golf,2008,6549,7336,23297,12/29/15,274,121,236,12,1520,13
Infiniti,Q50,2013,5948,8843,10786,12/31/15,468,735,398,9,16,33
Volvo,XC60,2016,35890,39601,48982,1/1/16,484,237,411,10,180,61
Hyundai,Tucson,2011,8730,15627,18200,1/1/16,541,530,460,10,320,88
Mercedes-Benz,GLC,2015,25323,27363,10447,1/6/16,233,387,201,8,1821,4
Dodge,Challenger,2008,5778,6095,4217,1/6/16,482,420,409,1,496,86
Subaru,Legacy,2001,1847,3259,36090,1/6/16,194,114,170,6,1484,18
Acura,TLX,2016,28668,32078,41185,1/7/16,847,770,718,5,1276,89
Ford,F-150,2013,26502,33795,36099,1/9/16,311,225,268,3,400,37
Tesla,Model 3,2016,25624,29226,33855,1/9/16,805,766,684,2,1587,39
Volkswagen,Tiguan,2016,26558,29540,39277,1/9/16,345,612,296,4,1843,51
Acura,TLX,2016,26277,33128,38974,1/10/16,646,640,549,6,1458,40
Jeep,Renegade,2016,16964,22227,28418,1/11/16,596,747,508,9,369,73
Hyundai,Sonata,2000,4048,4299,7638,1/12/16,765,345,650,7,1571,18
Hyundai,Elantra,2005,2747,4722,5013,1/14/16,388,36,333,6,53,27
Mercedes-Benz,E-Class,2005,3981,4439,7981,1/14/16,359,406,309,2,1438,33
Mazda,CX-5,2016,27642,35927,41789,1/15/16,565,846,481,11,569,82
Lexus,NX,2014,25135,26447,34576,1/16/16,179,19,155,6,1485,28
Hyundai,Sonata,2010,27116,29687,34502,1/16/16,279,607,240,4,1830,63
Jeep,Wrangler,2015,42211,50049,59458,1/16/16,762,74,646,10,191,34
Dodge,Durango,2007,5439,6580,4936,1/18/16,16,578,14,7,1396,86
Honda,CR-V,2000,1271,2336,8284,1/18/16,28,102,23,2,805,69
Acura,TLX,2016,11726,15314,20416,1/19/16,171,285,147,12,683,7
Ford,Escape,2009,20760,22044,8069,1/23/16,792,865,673,7,1042,65
Lexus,ES,2005,5010,6086,24516,1/23/16,460,939,393,1,815,54
Chevrolet,Equinox,2015,20400,24999,31255,1/23/16,766,346,651,12,1237,32
Dodge,Journey,2009,25924,28037,32974,1/24/16,48,582,42,4,189,32
Volvo,XC90,2002,2675,3644,6275,1/24/16,374,727,322,9,1675,29
Kia,Sportage,2013,20548,28686,3618,1/25/16,434,138,370,12,459,55
Mercedes-Benz,GLE,2016,37002,39527,43799,1/25/16,366,407,314,5,345,74
Infiniti,QX60,2015,35430,38799,50965,1/25/16,586,54,499,3,876,74
Nissan,Rogue,2010,23126,33014,31760,1/25/16,909,183,770,9,347,63
Subaru,Outback,2000,1833,2268,38366,1/25/16,823,460,699,8,568,74
Infiniti,QX80,2015,55587,59777,53276,1/26/16,971,360,823,11,1671,36
Ford,F-150,2015,45300,44850,73357,1/26/16,235,709,204,2,1663,51
Acura,TLX,2016,28628,37932,47156,1/26/16,379,35,326,4,1014,47
Toyota,Camry,2001,4108,5550,8315,1/27/16,409,38,350,8,1919,68
BMW,3 Series,2013,22150,28126,31973,1/29/16,510,625,433,3,1686,4
Infiniti,QX70,2016,33795,40529,46320,1/29/16,876,353,744,8,1827,37
Nissan,Pathfinder,2008,6578,7980,4521,1/30/16,167,18,142,1,406,2
Nissan,Pathfinder,2003,2292,3058,10022,1/30/16,902,466,765,4,894,41
Subaru,Legacy,2005,2348,3683,5494,1/31/16,474,419,400,5,1069,26
Mazda,CX-9,2010,20300,25972,30125,1/31/16,953,100,809,12,1976,68
Mazda,Mazda6,2013,12123,15955,19542,2/1/16,745,653,632,4,1524,90
Dodge,Charger,2011,9744,15108,18028,2/2/16,819,976,695,9,1507,72
Infiniti,QX70,2015,47178,51938,45055,2/3/16,612,539,519,4,116,34
Volvo,V60,2015,40550,42007,65683,2/3/16,714,754,608,7,1600,10
Infiniti,QX70,2015,52926,51737,56992,2/4/16,172,493,150,10,1570,18
Mazda,CX-5,2015,29103,30715,3391,2/5/16,968,885,822,7,89,76
Nissan,Altima,2000,2336,2664,33781,2/5/16,998,575,848,6,255,78
Toyota,Corolla,2000,2051,2260,4720,2/5/16,613,635,520,7,1853,17
Chevrolet,Traverse,2013,25350,30255,6530,2/7/16,649,439,551,6,696,59
Dodge,Charger,2016,27133,30782,33603,2/7/16,309,224,265,10,202,30
Nissan,Rogue,2011,17372,20950,23648,2/7/16,293,503,253,8,854,78
Volvo,XC90,2005,3950,4521,37721,2/7/16,773,75,655,8,1213,62
Audi,Q5,2016,29110,38626,43577,2/8/16,583,535,496,10,1126,86
Acura,RDX,2015,29755,33871,42771,2/13/16,265,219,227,2,1998,3
BMW,X5,2016,57901,63188,71029,2/15/16,251,120,217,4,1282,19
Acura,ILX,2013,13912,19372,10328,2/17/16,651,543,552,3,1997,54
Honda,Accord,2005,4501,6187,21833,2/17/16,740,860,629,4,114,45
Infiniti,Q50,2016,29614,32111,36066,2/18/16,619,540,526,9,1664,85
Toyota,Highlander,2014,7393,12918,15988,2/19/16,351,227,302,12,337,33
Hyundai,Santa Fe,2010,9979,19657,25833,2/19/16,625,253,530,2,801,40
Dodge,Durango,2015,29148,38686,43021,2/21/16,685,444,584,1,441,49
Infiniti,Q50,2013,25322,28033,30184,2/22/16,772,762,657,2,36,16
BMW,X3,2009,22473,27891,35072,2/22/16,841,978,713,9,1032,17
Volkswagen,Tiguan,2012,10739,14297,17705,2/24/16,52,368,45,5,957,39
Volkswagen,Tiguan,2007,2724,5213,7751,2/27/16,247,918,214,3,632,5
Mercedes-Benz,GLE,2016,38612,45672,39431,2/28/16,76,898,65,5,91,30
Tesla,Model 3,2016,30823,32723,54415,2/28/16,489,421,415,7,1139,87
Nissan,Altima,2001,2878,4316,6594,3/1/16,758,658,643,7,1417,42
Tesla,Model 3,2016,32423,35514,43227,3/1/16,934,680,794,2,1699,27
Volvo,V60,2015,26164,27703,35996,3/3/16,245,391,213,9,1981,44
Toyota,RAV4,2016,27578,31754,36962,3/3/16,594,746,506,10,1843,40
Nissan,Rogue,2016,25392,26471,31151,3/4/16,863,673,731,6,1445,40
Toyota,Highlander,2007,5695,8186,10445,3/5/16,521,50,441,7,1416,83
Dodge,Charger,2016,31777,34192,7445,3/6/16,871,874,739,7,510,5
BMW,3 Series,2005,4646,5185,4610,3/6/16,830,551,705,8,934,5
Volvo,XC90,2000,1994,2525,40288,3/6/16,935,883,795,7,1250,17
BMW,X5,2011,12265,21583,28045,3/8/16,599,152,510,1,1129,4
Volkswagen,Golf,2006,4940,6333,7615,3/9/16,437,314,372,3,469,21
Infiniti,QX60,2014,22030,24121,26253,3/9/16,576,631,491,7,263,5
Nissan,Rogue,2011,23948,26222,33506,3/9/16,807,82,685,7,850,56
Kia,Optima,2016,22024,28143,32393,3/10/16,41,689,35,9,1082,1
Mazda,Mazda3,2008,7010,8777,11292,3/11/16,329,32,282,10,1349,38
Lexus,NX,2014,10214,18763,22029,3/12/16,668,161,568,3,1635,40
Ford,Explorer,2009,7626,13455,17332,3/14/16,6,889,5,9,1095,5
Tesla,Model 3,2016,23004,27247,33589,3/15/16,664,545,564,2,473,26
Mercedes-Benz,E-Class,2012,27325,30008,31945,3/15/16,134,800,115,12,1836,90
Infiniti,QX60,2016,44169,48147,56240,3/16/16,864,89,733,11,1671,5
Acura,RDX,2014,27140,31930,42599,3/16/16,857,872,727,6,1217,76
Mercedes-Benz,GLC,2016,29441,36799,21157,3/16/16,671,334,570,6,1277,1
Audi,Q5,2013,12573,17900,41751,3/16/16,264,394,228,11,1850,33
Honda,CR-V,2016,29929,35622,44617,3/17/16,615,251,522,7,1150,25
Nissan,Altima,2013,14454,23095,30199,3/17/16,729,548,622,4,753,72
Lexus,RX,2011,15341,23379,28685,3/17/16,36,581,32,10,747,17
Infiniti,Q50,2016,34963,39165,46106,3/18/16,308,505,264,11,1462,60
Lexus,ES,2008,2795,3558,4809,3/22/16,24,365,21,2,343,55
Nissan,Sentra,2008,2201,4156,4770,3/22/16,278,814,239,7,1533,65
Jeep,Wrangler,2003,1130,2487,7857,3/22/16,801,974,681,4,1819,37
Volvo,V60,2015,32677,34204,42534,3/24/16,272,922,235,4,1136,44
Toyota,Camry,2010,17390,22908,29603,3/25/16,987,999,838,12,460,4
Hyundai,Tucson,2016,34273,35432,44599,3/26/16,642,850,545,7,1986,26
Mazda,CX-5,2016,30362,35293,45840,3/27/16,769,457,653,2,1687,29
Tesla,Model 3,2016,27726,29474,6790,3/28/16,356,34,306,3,472,57
Kia,Optima,2004,4072,5029,32770,3/28/16,644,639,547,2,153,21
Jeep,Cherokee,2016,25111,27425,30911,3/29/16,249,604,215,9,972,26
Tesla,Model 3,2016,30949,38335,49487,3/29/16,691,856,589,9,1039,47
Tesla,Model 3,2016,27714,36259,45375,3/30/16,445,619,378,11,562,26
Infiniti,QX70,2014,16768,19621,25028,3/31/16,914,358,776,10,1432,45
Chevrolet,Traverse,2010,5073,9334,11937,3/31/16,973,189,825,1,1339,76
Volvo,XC60,2009,5066,8351,11867,3/31/16,238,917,206,8,1496,66
Toyota,RAV4,2006,3508,4994,7282,4/2/16,546,242,463,4,653,16
Volkswagen,Passat,2005,3047,3755,5824,4/3/16,861,557,730,11,1188,79
Volvo,XC60,2010,17661,21543,26072,4/3/16,936,565,795,12,1682,60
Subaru,Outback,2013,26075,34542,7163,4/4/16,763,258,648,10,1712,13
Acura,ILX,2016,33850,38466,37725,4/4/16,793,350,674,11,176,53
Infiniti,Q50,2016,26498,28912,48168,4/4/16,197,383,172,7,1598,34
Hyundai,Sonata,2006,2318,3744,39148,4/4/16,845,554,716,11,491,32
Kia,Sportage,2016,29331,31031,40862,4/6/16,635,61,540,3,1212,64
Volkswagen,Golf,2016,23417,30963,38730,4/7/16,916,774,779,8,933,23
Acura,TLX,2016,20439,26072,15001,4/8/16,447,833,380,9,1799,35
BMW,X3,2013,6057,11800,28707,4/8/16,921,990,783,11,684,30
Mercedes-Benz,GLC,2016,36097,39500,3448,4/9/16,433,137,369,3,687,54
Tesla,Model 3,2016,27257,30493,11050,4/9/16,193,289,168,3,1577,10
Mazda,CX-9,2013,6174,8554,46266,4/9/16,568,247,483,12,1715,47
Hyundai,Elantra,2000,920,2104,11800,4/9/16,633,156,539,4,896,62
Subaru,Legacy,2012,5454,7801,35600,4/9/16,943,777,801,6,1328,30
Ford,Focus,2003,2876,3510,4308,4/10/16,104,8,88,7,201,75
Tesla,Model S,2014,6692,9785,12494,4/10/16,674,854,575,8,521,25
Acura,ILX,2016,27942,29004,3956,4/11/16,720,165,615,2,396,86
Volvo,S60,2015,27775,31677,34039,4/11/16,20,3,17,10,1687,49
Dodge,Durango,2003,2463,2811,36760,4/11/16,505,424,428,1,685,78
Tesla,Model 3,2016,25207,33524,41888,4/12/16,375,513,324,1,1060,5
Volkswagen,Jetta,2007,3508,5104,6689,4/13/16,728,968,623,1,34,59
Tesla,Model 3,2016,25634,32899,43587,4/13/16,947,470,804,12,1396,60
Hyundai,Elantra,2005,4527,6183,9962,4/14/16,948,778,805,2,1589,79
Infiniti,Q50,2016,43682,45487,54984,4/15/16,945,993,803,5,1438,63
Acura,ILX,2016,32089,36500,45952,4/15/16,624,331,531,7,1119,12
Audi,A4,2003,1040,2268,5599,4/16/16,713,448,608,12,1858,32
Jeep,Wrangler,2015,29026,29873,23684,4/17/16,616,749,523,6,1416,76
Ford,F-150,2011,17693,19683,37802,4/17/16,657,63,557,5,93,56
Lexus,ES,2009,19945,29581,39702,4/18/16,706,753,603,9,1952,12
Chevrolet,Silverado,2016,42018,43686,7387,4/19/16,775,348,659,7,1392,10
Hyundai,Santa Fe,2006,4005,4701,47121,4/19/16,779,349,663,6,216,5
Infiniti,QX60,2013,25268,30922,40047,4/20/16,963,685,816,10,667,82
Tesla,Model 3,2016,24399,28408,33173,4/21/16,928,467,791,2,1236,39
Tesla,Model X,2016,55176,67516,81609,4/22/16,160,702,137,3,1863,14
Kia,Sorento,2004,2203,2881,5512,4/23/16,898,182,761,3,1683,40
Nissan,Pathfinder,2004,3091,4568,6431,4/24/16,138,801,119,10,520,78
Jeep,Grand Cherokee,2016,45395,47809,52590,4/24/16,848,87,717,11,912,13
Nissan,Altima,2010,16285,18460,21693,4/25/16,718,857,613,4,1579,26
Nissan,Sentra,2014,28390,30498,38471,4/26/16,15,890,13,8,87,89
Ford,Focus,2003,2558,3613,5394,4/27/16,911,989,773,6,1214,60
Dodge,Journey,2012,15956,23281,27045,4/28/16,43,480,38,4,1499,77
Ford,Escape,2016,24999,32110,7728,4/30/16,637,255,541,3,1470,54
Ford,F-150,2000,4260,4449,9625,4/30/16,491,737,417,3,252,56
Audi,Q7,2008,5835,7641,36750,4/30/16,868,873,736,5,1365,79
Toyota,Camry,2006,2987,4926,6441,5/1/16,577,326,488,12,443,87
Acura,TLX,2016,20806,27260,35481,5/3/16,537,51,456,3,1848,51
Honda,Civic,2001,4393,5657,6592,5/4/16,386,307,332,4,403,26
Mazda,Mazda6,2015,23104,32449,40710,5/5/16,384,132,330,5,207,36
Kia,Sportage,2015,26978,35990,43365,5/7/16,298,504,256,1,1661,35
Mercedes-Benz,GLC,2016,31790,42971,53966,5/8/16,260,606,224,12,1842,38
Jeep,Cherokee,2001,3500,4447,5851,5/9/16,662,961,563,12,217,73
Toyota,Camry,2006,5419,6720,8332,5/10/16,761,861,647,8,738,30
Lexus,RX,2014,23530,27927,32752,5/11/16,536,427,454,9,1529,54
Nissan,Rogue,2016,21777,25278,11952,5/12/16,660,852,561,2,452,83
Tesla,Model 3,2016,35735,44828,32601,5/12/16,1,576,2,1,1459,66
Tesla,Model S,2013,6670,10129,53712,5/12/16,330,404,283,11,463,23
Acura,ILX,2015,26992,25834,33606,5/13/16,89,901,75,2,1895,4
Audi,Q7,2016,55974,58057,72246,5/15/16,385,514,331,5,1154,36
Volvo,XC60,2016,46707,56698,61913,5/15/16,440,234,375,10,749,53
Mazda,Mazda6,2016,20798,22437,14018,5/16/16,175,704,151,10,960,38
Dodge,Challenger,2011,10170,11593,25259,5/16/16,471,142,399,5,157,63
Dodge,Journey,2015,22753,25835,10538,5/17/16,198,599,173,1,863,8
Mazda,CX-9,2010,6314,7957,5981,5/17/16,117,696,100,4,295,27
Nissan,Altima,2003,2912,4316,34111,5/17/16,652,159,552,6,1308,39
Audi,A6,2016,43361,48930,58528,5/18/16,910,988,772,8,504,38
Dodge,Journey,2016,22180,28490,34670,5/19/16,925,564,786,8,1852,82
Jeep,Cherokee,2006,1506,2573,5702,5/20/16,701,69,598,8,1687,80
Tesla,Model 3,2016,48898,51029,63087,5/21/16,638,638,542,1,580,65
Subaru,Legacy,2016,28769,35233,39407,5/21/16,883,91,749,1,1205,81
Kia,Optima,2015,26063,27365,31499,5/24/16,290,815,251,4,641,62
Hyundai,Tucson,2013,7251,9030,12088,5/24/16,725,651,619,12,1921,7
Acura,TLX,2015,32768,31812,39857,5/26/16,360,724,310,6,1321,68
Acura,TLX,2016,28248,31081,7601,5/26/16,875,463,745,3,1093,60
BMW,X3,2007,3734,5016,38420,5/26/16,71,109,61,3,776,38
Jeep,Renegade,2016,28807,34030,42946,5/27/16,176,379,153,2,612,64
Tesla,Model 3,2016,38416,43585,52855,5/27/16,287,397,248,11,698,35
Mercedes-Benz,GLE,2016,51683,59143,68807,5/27/16,912,97,774,11,1531,7
Nissan,Rogue,2011,5515,14335,18725,5/28/16,285,124,246,6,951,24
Kia,Sorento,2014,22916,29217,4538,5/29/16,705,648,602,2,379,82
Kia,Optima,2016,25102,27287,35805,5/29/16,98,483,83,7,1500,34
Mercedes-Benz,E-Class,2004,1689,3161,37338,5/29/16,730,344,623,10,726,87
Honda,Accord,2004,1810,2896,3763,6/6/16,670,644,572,11,356,61
Lexus,IS,2015,31369,34979,45424,6/6/16,815,83,690,3,1122,77
Tesla,Model 3,2016,38849,42847,55387,6/8/16,421,415,359,5,397,11
Volvo,S60,2016,43580,46111,55340,6/9/16,768,761,653,9,95,46
Audi,Q5,2013,16611,18858,6847,6/10/16,680,337,580,3,1203,51
Volkswagen,Golf,2003,3141,4153,10142,6/10/16,372,305,321,9,1327,56
Acura,MDX,2008,5359,6867,21260,6/10/16,827,461,703,1,1065,3
Infiniti,QX60,2016,57442,66793,41107,6/12/16,365,929,315,7,623,38
Subaru,Impreza,2016,31526,36814,44561,6/12/16,392,231,336,8,627,74
Tesla,Model 3,2016,32670,36438,88231,6/12/16,962,567,815,8,1431,90
Lexus,IS,2003,1750,2863,4688,6/13/16,432,42,369,6,1056,63
Tesla,Model 3,2016,34005,43490,49255,6/16/16,820,867,696,9,1588,20
Infiniti,QX80,2014,19216,21311,5316,6/17/16,405,310,346,10,98,89
Nissan,Sentra,2006,2905,4560,25867,6/17/16,995,688,845,12,389,32
Nissan,Pathfinder,2016,46651,53621,5855,6/20/16,640,437,543,4,860,53
Jeep,Wrangler,2004,3296,4432,4500,6/20/16,991,274,841,5,908,15
Acura,MDX,2006,2002,2763,69200,6/20/16,451,620,384,11,1300,75
BMW,5 Series,2005,5741,6027,7459,6/21/16,704,340,600,10,689,72
Toyota,Camry,2005,5496,6228,8154,6/21/16,658,441,559,8,957,36
Dodge,Durango,2013,16898,24038,31710,6/22/16,196,806,171,11,1714,86
Toyota,Camry,2014,24405,26977,32435,6/23/16,224,291,195,9,1597,3
Hyundai,Elantra,2012,26886,34408,7181,6/24/16,966,568,819,3,1145,64
Jeep,Grand Cherokee,2015,37930,44072,47670,6/24/16,214,215,186,6,524,21
Tesla,Model 3,2016,26348,36170,38090,6/24/16,62,369,55,7,840,47
Lexus,RX,2001,3530,4466,44297,6/24/16,733,756,624,11,775,18
Lexus,NX,2015,40140,47051,53904,6/25/16,419,828,358,11,1603,41
Mercedes-Benz,E-Class,2007,3849,5493,7687,6/27/16,951,779,807,11,1282,22
Mercedes-Benz,GLE,2016,59445,66289,30642,6/29/16,106,205,90,8,995,55
Ford,Escape,2016,26170,27415,6072,6/29/16,843,86,713,5,587,62
Mercedes-Benz,GLC,2016,49539,55334,5321,6/29/16,400,412,342,6,253,12
Jeep,Grand Cherokee,2013,11790,16084,5646,6/29/16,661,544,561,7,1227,81
Honda,Accord,2004,2256,3295,18953,6/29/16,913,878,775,4,1392,5
Kia,Sorento,2005,2115,4075,65575,6/29/16,85,200,73,5,205,51
Lexus,RX,2000,3135,4128,71951,6/29/16,812,351,689,4,1092,62
Honda,Accord,2004,4325,5401,8582,7/1/16,401,134,342,6,1250,90
Dodge,Journey,2016,20045,28973,36425,7/2/16,631,849,538,7,1908,85
Mercedes-Benz,E-Class,2012,22835,31524,26246,7/3/16,136,14,117,6,1880,34
Mazda,Mazda6,2013,12666,18707,38144,7/3/16,487,943,414,9,992,13
Ford,Explorer,2015,36292,43850,48517,7/4/16,315,608,271,10,279,78
Tesla,Model 3,2016,34094,38358,56028,7/4/16,744,168,630,11,1926,37
Kia,Soul,2013,14170,17307,23644,7/5/16,530,528,450,2,1841,67
Toyota,Camry,2000,4153,4798,6202,7/7/16,490,523,416,8,190,51
Lexus,NX,2015,41240,48874,53226,7/7/16,930,98,789,7,79,77
Tesla,Model X,2015,60328,66315,73328,7/8/16,787,863,668,12,1903,18
Chevrolet,Malibu,2008,4406,5810,8623,7/9/16,981,997,833,11,958,58
Toyota,Highlander,2007,3547,5763,7001,7/11/16,363,928,313,7,143,5
Mercedes-Benz,E-Class,2010,11600,16271,19838,7/12/16,190,382,165,6,206,84
Ford,Escape,2002,1361,2031,3194,7/13/16,684,338,582,3,761,44
Ford,Explorer,2009,23211,28087,33911,7/14/16,101,484,86,1,729,66
Mazda,Mazda6,2010,9961,11803,16216,7/16/16,154,491,133,2,1017,52
Subaru,Impreza,2016,32596,36665,5119,7/17/16,459,834,391,8,1019,59
Subaru,Impreza,2001,2263,3564,45695,7/17/16,746,654,633,12,1649,55
Acura,ILX,2016,29266,34369,30892,7/19/16,312,297,269,3,766,5
Tesla,Model 3,2016,24478,26220,37315,7/19/16,480,942,407,10,279,49
Tesla,Model 3,2016,27012,29095,36713,7/22/16,571,150,487,9,1002,67
Chevrolet,Malibu,2006,1943,3818,6302,7/22/16,499,423,423,6,1816,30
Mercedes-Benz,GLC,2016,36441,44835,56169,7/24/16,524,841,445,10,1062,32
Acura,ILX,2013,6592,9120,10317,7/25/16,40,278,34,7,474,73
BMW,X5,2016,53942,58878,65117,7/29/16,919,678,780,8,1140,42
Volvo,V60,2016,35442,38948,7029,7/30/16,143,699,122,4,1086,26
Toyota,Highlander,2001,3177,4559,49632,7/30/16,420,517,359,1,800,86
BMW,5 Series,2014,5047,9991,5468,7/31/16,435,139,371,7,954,40
Honda,Civic,2006,3272,3983,12838,7/31/16,890,92,754,5,38,56
Nissan,Pathfinder,2012,5783,14843,17972,8/2/16,698,752,596,12,159,21
Kia,Sorento,2010,17080,18642,23639,8/4/16,897,563,759,5,1661,19
Dodge,Charger,2006,1435,2811,4669,8/7/16,592,55,504,11,866,81
Kia,Sorento,2016,36125,38739,44699,8/9/16,369,615,318,1,880,47
Lexus,IS,2014,16650,25695,32220,8/9/16,185,912,161,5,397,44
Volkswagen,Tiguan,2016,26234,29094,35711,8/10/16,367,821,316,4,1016,13
Infiniti,QX70,2016,65587,66641,81418,8/11/16,595,433,507,11,268,25
Chevrolet,Traverse,2013,6271,11384,15578,8/11/16,415,827,356,1,956,29
Toyota,Corolla,2011,14254,23133,30468,8/11/16,428,41,365,8,1415,36
Volvo,XC60,2009,29634,34902,38323,8/12/16,135,13,116,2,64,46
Chevrolet,Malibu,2008,5564,6651,8598,8/13/16,286,924,247,11,1104,38
Tesla,Model 3,2016,31983,35482,47355,8/13/16,452,938,386,6,1632,2
Jeep,Renegade,2016,29104,33851,37700,8/13/16,342,511,294,1,863,67
Volvo,XC90,2016,50008,54144,55576,8/15/16,618,636,525,4,1012,86
Mercedes-Benz,GLC,2015,45260,47485,69516,8/15/16,555,244,472,11,1982,74
Chevrolet,Silverado,2014,7133,9363,12392,8/16/16,757,972,644,5,1892,66
Mercedes-Benz,GLE,2016,48296,57060,44431,8/17/16,291,716,252,1,219,60
Tesla,Model 3,2016,24274,31472,36392,8/17/16,816,975,695,1,1492,59
Jeep,Renegade,2016,29555,37223,61977,8/17/16,899,356,762,7,475,59
Tesla,Model 3,2016,34952,38425,45096,8/19/16,686,64,585,6,1631,61
Lexus,NX,2016,36447,40370,50958,8/21/16,570,629,484,10,837,20
Tesla,Model X,2015,76827,81721,106853,8/22/16,634,435,539,2,1295,46
Kia,Soul,2011,19858,27413,34405,8/22/16,129,907,111,11,379,21
Volkswagen,Passat,2007,1389,3216,4446,8/23/16,770,660,654,12,662,62
Dodge,Journey,2010,26994,28241,8499,8/24/16,716,342,611,1,1865,17
Toyota,Camry,2005,3264,4659,31063,8/24/16,891,268,757,4,652,33
Volkswagen,Tiguan,2009,24721,32041,38636,8/25/16,498,622,422,2,17,45
Toyota,Highlander,2004,1663,2131,3384,8/26/16,199,115,174,12,742,40
Infiniti,QX70,2016,52218,58878,56239,8/27/16,255,919,220,12,1434,47
Dodge,Challenger,2016,42716,46249,58543,8/27/16,500,525,424,2,1758,16
Mercedes-Benz,GLE,2016,44623,51366,63658,8/27/16,99,588,84,12,702,6
Subaru,Forester,2005,1201,2322,3886,8/28/16,323,300,278,10,751,40
Dodge,Durango,2014,10421,17133,5673,8/30/16,244,217,211,12,1400,51
Audi,A4,2003,3234,3580,4626,8/30/16,501,623,425,8,565,40
Volvo,XC90,2008,2693,3102,22130,8/30/16,33,479,27,9,1184,53
Jeep,Renegade,2016,26039,31309,22584,8/31/16,456,140,388,3,878,82
Chevrolet,Silverado,2013,15033,17013,35649,8/31/16,1000,275,850,11,1838,22
Lexus,ES,2015,49732,53202,60525,9/1/16,942,991,801,10,1549,71
Ford,Focus,2009,6862,15007,19526,9/1/16,417,232,357,3,1704,78
Lexus,NX,2016,30063,38044,23898,9/2/16,798,79,678,12,1938,88
Kia,Sorento,2010,14041,20136,43875,9/2/16,867,558,735,4,1856,88
Mercedes-Benz,GLE,2016,48949,51186,45437,9/3/16,566,628,481,10,1365,2
Mercedes-Benz,GLE,2016,54248,56183,59330,9/3/16,907,357,769,9,1996,42
Mazda,CX-5,2016,35563,38132,61352,9/3/16,836,670,710,5,732,20
Dodge,Challenger,2011,20053,27781,35258,9/4/16,994,473,844,5,1276,75
Honda,Pilot,2016,45439,47643,57425,9/6/16,986,572,837,9,1747,29
Audi,A4,2014,17700,19848,24505,9/7/16,64,370,56,9,166,23
Volkswagen,Jetta,2001,4441,5331,7207,9/9/16,479,941,406,11,1060,84
Acura,MDX,2001,1696,2554,5449,9/9/16,340,611,291,4,1534,51
Jeep,Wrangler,2007,7220,9546,11972,9/10/16,17,891,15,3,1123,59
Hyundai,Tucson,2006,3105,3803,5735,9/11/16,222,118,194,7,681,55
Infiniti,QX70,2016,58675,67030,74271,9/12/16,707,966,604,7,956,15
Tesla,Model S,2016,48047,51251,58847,9/14/16,184,805,159,2,502,86
Mercedes-Benz,GLE,2016,45377,47211,56356,9/14/16,32,893,29,12,1337,74
Volvo,S60,2013,14129,16630,21329,9/15/16,833,462,706,11,1246,54
BMW,X5,2016,46570,46263,62267,9/16/16,519,738,440,1,1952,74
Dodge,Charger,2009,21803,28784,33981,9/16/16,529,739,449,1,1890,57
Infiniti,QX80,2014,28508,38051,45294,9/16/16,700,446,597,7,851,87
Nissan,Sentra,2004,3435,3876,4948,9/17/16,695,647,593,10,257,88
Chevrolet,Malibu,2010,20761,26551,32776,9/17/16,782,259,665,6,1821,3
Kia,Sorento,2006,4055,4945,8334,9/18/16,152,490,131,6,1513,1
Volvo,XC60,2013,17253,18649,22302,9/18/16,887,876,752,2,1881,58
Audi,Q7,2016,64751,71885,52801,9/19/16,173,286,148,7,1895,3
Volvo,V60,2015,35572,40996,91106,9/19/16,394,728,338,1,1991,72
Ford,Explorer,2013,23245,28284,4506,9/21/16,93,203,78,8,1021,17
Acura,MDX,2004,2309,2563,31570,9/21/16,381,931,328,9,1122,45
Dodge,Charger,2010,14383,22115,6142,9/22/16,142,910,121,7,1495,73
Subaru,Outback,2007,3254,5197,6618,9/22/16,158,701,135,8,134,56
Subaru,Legacy,2001,3559,3942,29265,9/22/16,781,862,664,10,872,49
Ford,Focus,2008,5744,6396,8753,9/23/16,322,401,277,12,1534,18
Volvo,V60,2015,33530,38052,46530,9/23/16,726,755,621,9,498,48
Hyundai,Elantra,2007,4144,6208,8239,9/24/16,677,963,578,12,1123,3
BMW,3 Series,2008,5851,6519,9491,9/25/16,116,10,99,11,1725,67
Infiniti,Q50,2015,37654,36890,48406,9/26/16,74,897,64,8,1363,82
Volkswagen,Passat,2003,4119,4454,5698,9/27/16,406,311,347,3,152,60
Chevrolet,Traverse,2011,20238,21787,7414,9/28/16,584,249,497,2,1219,24
Mercedes-Benz,C-Class,2011,28549,35393,24216,9/28/16,169,911,145,3,804,59
BMW,X3,2014,9345,12244,13626,9/28/16,483,736,410,5,301,63
Volkswagen,Golf,2014,20276,29289,42994,9/28/16,655,256,555,6,1070,22
Kia,Sorento,2008,3591,5078,37408,9/28/16,218,708,190,9,1266,75
Kia,Optima,2007,3378,4390,6791,9/29/16,91,202,77,2,1025,56
Infiniti,Q50,2015,37391,39322,49376,9/29/16,608,958,517,10,1974,85
Dodge,Durango,2016,41015,42846,48147,10/2/16,977,686,831,12,739,79
Tesla,Model 3,2016,37939,38059,48685,10/3/16,5,363,3,3,1294,56
Honda,Pilot,2008,2244,4686,6401,10/3/16,687,965,585,8,768,17
Nissan,Rogue,2011,22303,28083,32094,10/4/16,378,410,328,11,1256,76
Jeep,Grand Cherokee,2013,13799,15064,18127,10/5/16,118,904,101,8,1748,32
Kia,Optima,2015,26410,31940,43579,10/5/16,457,521,390,10,1504,17
Volkswagen,Tiguan,2012,10020,18952,21246,10/6/16,976,190,828,4,731,11
Nissan,Sentra,2002,873,1191,4033,10/7/16,294,221,253,4,1759,75
Subaru,Forester,2004,15395,17086,22829,10/8/16,463,141,394,4,1539,25
Volkswagen,Jetta,2003,2699,3407,5440,10/9/16,56,792,49,8,831,50
Jeep,Wrangler,2016,35619,42952,47907,10/9/16,797,765,677,5,1256,49
Kia,Optima,2001,1816,2324,4050,10/10/16,835,669,710,9,1238,9
Infiniti,QX60,2015,54404,56481,62504,10/10/16,858,179,727,9,633,25
Infiniti,QX60,2015,59348,65052,79322,10/10/16,905,677,767,4,1024,89
BMW,5 Series,2000,2301,2761,5136,10/11/16,361,725,311,9,1634,86
Mazda,CX-9,2012,26405,28468,32011,10/11/16,984,998,836,9,928,46
Volkswagen,Tiguan,2016,28835,28374,32217,10/13/16,516,947,437,10,1409,3
Tesla,Model 3,2016,26490,29221,6650,10/13/16,520,146,442,12,1834,34
Chevrolet,Malibu,2005,1822,3127,31920,10/13/16,454,45,387,4,283,7
Tesla,Model 3,2016,27719,32199,41282,10/14/16,31,103,26,8,955,53
Mazda,CX-5,2015,32789,39279,44173,10/14/16,540,147,458,9,684,34
Subaru,Impreza,2009,24646,27898,30408,10/15/16,377,409,323,5,452,8
BMW,5 Series,2007,3343,5316,7998,10/16/16,676,443,577,9,1860,35
Audi,A4,2005,5260,6832,7825,10/18/16,341,719,292,10,146,70
Volvo,S60,2001,4374,4772,7885,10/18/16,354,614,304,2,1802,29
Lexus,ES,2012,5348,8896,10614,10/18/16,931,679,793,9,763,13
Hyundai,Sonata,2013,12392,13939,19559,10/20/16,316,298,272,11,1860,26
Infiniti,QX80,2014,27418,31547,36052,10/20/16,390,37,334,9,1696,20
Lexus,ES,2011,17778,25876,27196,10/21/16,237,916,204,11,1529,62
Volvo,XC60,2009,19087,22987,30195,10/21/16,888,354,753,6,1554,67
Dodge,Durango,2002,2615,3840,5800,10/22/16,632,637,537,12,1260,26
Nissan,Altima,2002,4051,4391,6905,10/23/16,557,533,474,12,1688,23
Infiniti,Q50,2015,29600,32148,33643,10/25/16,100,694,85,11,401,53
Mercedes-Benz,GLE,2016,45417,48876,37742,10/25/16,990,573,840,2,924,39
Kia,Sportage,2015,27732,26880,54308,10/25/16,422,40,360,8,1300,23
Mercedes-Benz,E-Class,2002,1362,1968,2732,10/28/16,203,496,178,11,95,6
Mercedes-Benz,GLE,2016,45620,47181,53329,10/29/16,790,77,670,7,1365,37
Volkswagen,Tiguan,2009,7868,15790,19227,10/29/16,157,283,134,3,40,79
Honda,CR-V,2011,15014,23006,25869,10/29/16,497,49,422,5,127,49
Audi,A6,2012,12088,15583,17963,10/30/16,165,378,141,11,502,88
Volkswagen,Tiguan,2014,17683,20459,26247,10/30/16,283,713,244,8,1636,75
Ford,Explorer,2000,1020,1290,3347,10/31/16,846,870,719,4,1253,73
Hyundai,Sonata,2016,28915,30895,65669,11/1/16,872,560,740,10,1350,48
BMW,5 Series,2016,49601,52082,37712,11/1/16,789,174,671,5,396,25
Lexus,NX,2016,31356,38033,44069,11/1/16,509,839,431,1,1966,51
Audi,Q5,2011,7560,16152,20315,11/1/16,622,541,529,2,512,31
Honda,Civic,2000,2780,3969,7065,11/2/16,145,113,124,6,1522,86
Audi,Q5,2016,46936,46815,61809,11/4/16,210,384,183,12,1678,70
Tesla,Model S,2016,55795,59429,73262,11/5/16,620,330,527,4,1081,27
Volvo,V60,2015,69621,72799,87431,11/6/16,39,195,33,11,1584,78
Infiniti,QX80,2015,59502,58626,74480,11/7/16,694,163,592,12,1782,80
Subaru,Impreza,2003,2214,3370,4301,11/7/16,289,29,250,6,1,69
Nissan,Sentra,2002,1303,1501,2934,11/8/16,50,106,44,5,686,72
Ford,Focus,2007,3744,6237,6338,11/8/16,259,605,223,4,1248,64
Ford,Focus,2001,3250,3736,8074,11/8/16,328,302,281,4,1147,32
Infiniti,QX70,2014,18033,21383,24289,11/9/16,712,70,607,9,1291,47
Acura,MDX,2012,25850,30990,38873,11/10/16,623,848,529,3,1774,6
Hyundai,Santa Fe,2005,2139,2716,4377,11/12/16,999,783,849,12,708,84
Mercedes-Benz,GLE,2016,42688,47277,52986,11/15/16,648,158,550,7,1109,36
Infiniti,QX60,2016,45175,47566,5355,11/20/16,83,797,71,8,1966,79
Tesla,Model S,2014,17965,21394,55839,11/20/16,681,645,581,8,1246,12
Honda,Accord,2014,18477,23387,25785,11/20/16,178,705,154,6,1966,89
Toyota,Corolla,2002,2303,2647,26094,11/20/16,324,301,279,11,143,72
Kia,Soul,2010,15506,17616,24358,11/22/16,526,948,447,10,1705,7
Volkswagen,Passat,2016,29041,28335,32688,11/23/16,708,649,603,4,1568,89
Volvo,XC60,2012,10136,15658,20010,11/23/16,114,206,98,11,1016,67
Mercedes-Benz,GLC,2015,34464,39554,46275,11/24/16,121,591,104,10,337,51
Lexus,IS,2015,32095,35098,44047,11/25/16,21,892,18,10,1685,33
Tesla,Model 3,2016,30291,35951,26542,11/26/16,455,733,389,8,959,34
Acura,ILX,2014,22059,23710,40408,11/26/16,988,362,839,6,731,81
Mercedes-Benz,E-Class,2005,2071,3649,5706,11/28/16,231,499,201,3,1363,75
Volkswagen,Jetta,2005,5995,7829,9749,11/29/16,495,145,419,1,1184,32
Acura,TLX,2015,35637,43317,48937,11/29/16,672,546,571,6,1757,89
Toyota,Highlander,2016,33004,34387,38025,11/30/16,918,879,781,9,133,10
Mercedes-Benz,GLE,2016,54550,58281,65763,12/2/16,209,707,183,5,748,59
Acura,MDX,2012,22645,29282,36503,12/2/16,87,110,73,3,1104,81
Volkswagen,Jetta,2016,24519,28301,15142,12/5/16,59,691,51,2,1508,54
Acura,ILX,2013,8265,10581,37155,12/5/16,119,905,102,8,719,50
Hyundai,Sonata,2016,29486,35342,50806,12/8/16,376,616,325,8,1183,29
Acura,TLX,2015,38585,39999,5311,12/8/16,66,281,57,10,387,85
Dodge,Journey,2016,20852,25438,31785,12/8/16,573,53,486,6,1077,2
Lexus,IS,2005,2267,3858,44801,12/8/16,783,663,666,9,1296,45
Acura,TLX,2015,28271,31573,38742,12/9/16,475,143,402,6,517,85
Acura,ILX,2016,23257,32863,41886,12/9/16,162,802,139,8,929,28
Tesla,Model 3,2016,25785,29100,35082,12/10/16,528,842,449,3,537,65
Subaru,Forester,2010,21829,26091,30384,12/10/16,181,211,156,9,1792,39
Mercedes-Benz,C-Class,2015,33925,36072,45746,12/13/16,92,902,79,10,1413,74
Kia,Sportage,2011,16002,18271,25066,12/13/16,414,729,355,3,1743,51
Kia,Sorento,2009,10098,18545,26317,12/13/16,234,602,202,9,1981,79
Audi,Q5,2010,27464,33236,37835,12/14/16,343,405,293,3,1171,6
Dodge,Durango,2005,1868,3371,5634,12/15/16,282,923,243,3,1136,9
Mazda,CX-9,2014,20955,28600,35969,12/16/16,946,99,804,2,1536,28
Lexus,NX,2014,25361,31033,6653,12/19/16,738,969,628,5,417,60
Chevrolet,Equinox,2005,3919,5026,36686,12/19/16,972,886,826,10,1201,7
Subaru,Impreza,2012,9711,16334,38666,12/22/16,547,953,465,5,470,54
Ford,Explorer,2010,29120,30999,20318,12/22/16,504,838,427,7,1895,1
Volkswagen,Tiguan,2010,7497,13376,4835,12/23/16,111,371,95,11,455,4
Kia,Optima,2002,15350,17649,23752,12/23/16,139,374,120,10,1367,90
Audi,A6,2009,26285,34460,14878,12/23/16,590,537,503,1,46,81
Volkswagen,Jetta,2003,3365,3809,38879,12/23/16,397,411,340,6,1445,47
Lexus,ES,2012,22959,29819,35058,12/24/16,749,73,634,10,1516,87
Mazda,Mazda6,2016,22007,23190,29060,12/25/16,174,287,149,6,725,23
Tesla,Model X,2016,76089,81183,44484,12/26/16,75,198,63,4,897,50
Mazda,CX-5,2015,26681,28550,37447,12/26/16,572,52,485,9,1806,11
Lexus,NX,2015,33967,34410,91923,12/26/16,874,562,742,1,1324,18
Infiniti,QX60,2016,48924,49999,56415,12/27/16,855,871,725,12,1874,9
BMW,5 Series,2015,49725,54566,30738,12/29/16,77,899,66,11,1390,79
Hyundai,Tucson,2012,23721,26055,60444,12/29/16,522,626,443,5,245,87
Kia,Sportage,2015,32164,38726,17403,12/30/16,49,279,41,2,1806,65
Infiniti,Q50,2014,8839,13951,49571,12/30/16,507,945,431,6,1311,38
,,,,,,,,,,,,
,,,,,,,,,,,,
,,,,,,,,,,,,
,,,,,,,,,,,,
,,,,,,,,,,,,
,,,,,,,,,,,,
,,,,,,,,,,,,
,,,,,,,,,,,,
,,,,,,,,,,,,
,,,,,,,,,,,,
,,,,,,,,,,,,
,,,,,,,,,,,,
,,,,,,,,,,,,
,,,,,,,,,,,,
,,,,,,,,,,,,
,,,,,,,,,,,,
,,,,,,,,,,,,
,,,,,,,,,,,,
,,,,,,,,,,,,
,,,,,,,,,,,,
,,,,,,,,,,,,
,,,,,,,,,,,,
,,,,,,,,,,,,
,,,,,,,,,,,,
,,,,,,,,,,,,
,,,,,,,,,,,,
,,,,,,,,,,,,
,,,,,,,,,,,,
,,,,,,,,,,,,
,,,,,,,,,,,,
,,,,,,,,,,,,
,,,,,,,,,,,,
,,,,,,,,,,,,
,,,,,,,,,,,,
,,,,,,,,,,,,
,,,,,,,,,,,,
,,,,,,,,,,,,
,,,,,,,,,,,,
,,,,,,,,,,,,
,,,,,,,,,,,,
,,,,,,,,,,,,
,,,,,,,,,,,,
,,,,,,,,,,,,
,,,,,,,,,,,,
,,,,,,,,,,,,
,,,,,,,,,,,,
,,,,,,,,,,,,
,,,,,,,,,,,,
,,,,,,,,,,,,
,,,,,,,,,,,,
,,,,,,,,,,,,
,,,,,,,,,,,,
,,,,,,,,,,,,
,,,,,,,,,,,,
,,,,,,,,,,,,
,,,,,,,,,,,,
,,,,,,,,,,,,
,,,,,,,,,,,,
,,,,,,,,,,,,
,,,,,,,,,,,,
,,,,,,,,,,,,
,,,,,,,,,,,,
,,,,,,,,,,,,
,,,,,,,,,,,,
,,,,,,,,,,,,
,,,,,,,,,,,,
,,,,,,,,,,,,
,,,,,,,,,,,,
,,,,,,,,,,,,
,,,,,,,,,,,,
,,,,,,,,,,,,
,,,,,,,,,,,,
,,,,,,,,,,,,
,,,,,,,,,,,,
,,,,,,,,,,,,
,,,,,,,,,,,,
,,,,,,,,,,,,
,,,,,,,,,,,,
,,,,,,,,,,,,
,,,,,,,,,,,,
,,,,,,,,,,,,
,,,,,,,,,,,,
,,,,,,,,,,,,
,,,,,,,,,,,,
,,,,,,,,,,,,
,,,,,,,,,,,,
,,,,,,,,,,,,
,,,,,,,,,,,,
,,,,,,,,,,,,
,,,,,,,,,,,,
,,,,,,,,,,,,
,,,,,,,,,,,,
,,,,,,,,,,,,
,,,,,,,,,,,,
,,,,,,,,,,,,
,,,,,,,,,,,,
,,,,,,,,,,,,
,,,,,,,,,,,,
,,,,,,,,,,,,
,,,,,,,,,,,,
,,,,,,,,,,,,
,,,,,,,,,,,,
,,,,,,,,,,,,
,,,,,,,,,,,,
,,,,,,,,,,,,
,,,,,,,,,,,,
,,,,,,,,,,,,
,,,,,,,,,,,,
,,,,,,,,,,,,
,,,,,,,,,,,,
,,,,,,,,,,,,
,,,,,,,,,,,,
,,,,,,,,,,,,
,,,,,,,,,,,,
,,,,,,,,,,,,
,,,,,,,,,,,,
,,,,,,,,,,,,
,,,,,,,,,,,,
,,,,,,,,,,,,
,,,,,,,,,,,,
,,,,,,,,,,,,
,,,,,,,,,,,,
,,,,,,,,,,,,
,,,,,,,,,,,,
,,,,,,,,,,,,
,,,,,,,,,,,,
,,,,,,,,,,,,
,,,,,,,,,,,,
,,,,,,,,,,,,
,,,,,,,,,,,,
,,,,,,,,,,,,
,,,,,,,,,,,,
,,,,,,,,,,,,
,,,,,,,,,,,,
,,,,,,,,,,,,
,,,,,,,,,,,,
,,,,,,,,,,,,
,,,,,,,,,,,,
,,,,,,,,,,,,
,,,,,,,,,,,,
,,,,,,,,,,,,
,,,,,,,,,,,,
,,,,,,,,,,,,
,,,,,,,,,,,,
,,,,,,,,,,,,
,,,,,,,,,,,,
,,,,,,,,,,,,
,,,,,,,,,,,,
,,,,,,,,,,,,
,,,,,,,,,,,,
,,,,,,,,,,,,
,,,,,,,,,,,,
,,,,,,,,,,,,
,,,,,,,,,,,,
,,,,,,,,,,,,
,,,,,,,,,,,,
,,,,,,,,,,,,
,,,,,,,,,,,,
,,,,,,,,,,,,
,,,,,,,,,,,,
,,,,,,,,,,,,
,,,,,,,,,,,,
,,,,,,,,,,,,
,,,,,,,,,,,,
,,,,,,,,,,,,
,,,,,,,,,,,,
,,,,,,,,,,,,
,,,,,,,,,,,,
,,,,,,,,,,,,
,,,,,,,,,,,,
,,,,,,,,,,,,
,,,,,,,,,,,,
,,,,,,,,,,,,
,,,,,,,,,,,,
,,,,,,,,,,,,
,,,,,,,,,,,,
,,,,,,,,,,,,
,,,,,,,,,,,,
,,,,,,,,,,,,
,,,,,,,,,,,,
,,,,,,,,,,,,
,,,,,,,,,,,,
,,,,,,,,,,,,
,,,,,,,,,,,,
,,,,,,,,,,,,
,,,,,,,,,,,,
,,,,,,,,,,,,
,,,,,,,,,,,,
,,,,,,,,,,,,
,,,,,,,,,,,,
,,,,,,,,,,,,
,,,,,,,,,,,,
,,,,,,,,,,,,
,,,,,,,,,,,,
,,,,,,,,,,,,
,,,,,,,,,,,,
,,,,,,,,,,,,
,,,,,,,,,,,,
,,,,,,,,,,,,
,,,,,,,,,,,,